order_type,quantity,platinum,creation_date
sell,1,89,2019-04-02T18:56:16.000+00:00
sell,30,100,2019-06-28T07:33:37.000+00:00
sell,12,75,2019-07-13T23:27:56.000+00:00
sell,1,100,2019-07-17T08:51:50.000+00:00
sell,1,150,2019-07-19T09:01:21.000+00:00
sell,1,70,2019-07-25T15:04:35.000+00:00
sell,3,80,2019-07-31T14:16:56.000+00:00
sell,16,65,2019-07-31T14:52:35.000+00:00
sell,7,80,2019-08-01T22:56:52.000+00:00
sell,3,100,2019-08-09T20:05:23.000+00:00
sell,5,70,2019-08-30T22:41:23.000+00:00
sell,1,95,2019-09-12T22:24:56.000+00:00
sell,1,70,2019-09-13T06:40:51.000+00:00
sell,1,40,2019-10-06T17:16:47.000+00:00
sell,1,59,2019-10-12T15:45:27.000+00:00
sell,5,100,2019-10-20T17:03:19.000+00:00
sell,2,60,2019-10-29T01:27:05.000+00:00
sell,48,150,2019-12-01T01:31:25.000+00:00
sell,1,80,2019-12-02T12:14:52.000+00:00
sell,67,100,2020-01-18T12:48:33.000+00:00
sell,2,100,2020-03-22T19:32:20.000+00:00
sell,2,99,2020-03-31T11:10:40.000+00:00
sell,1,80,2020-04-17T14:02:03.000+00:00
sell,2,80,2020-04-25T15:24:07.000+00:00
sell,1,60,2020-05-08T18:31:59.000+00:00
sell,10,300,2020-05-21T10:18:51.000+00:00
sell,2,97,2020-06-04T05:35:04.000+00:00
sell,1,58,2020-06-11T16:29:00.000+00:00
sell,1,60,2020-06-27T16:15:57.000+00:00
sell,28,100,2020-06-30T12:11:18.000+00:00
sell,1,150,2020-07-08T03:00:13.000+00:00
sell,1,199,2020-07-10T11:05:08.000+00:00
sell,1,150,2020-08-14T16:27:37.000+00:00
sell,14,200,2020-08-30T01:05:10.000+00:00
sell,1,80,2020-09-02T16:31:29.000+00:00
sell,14,80,2020-09-09T05:17:02.000+00:00
sell,2,90,2020-09-30T10:42:06.000+00:00
sell,3,80,2020-10-10T22:43:36.000+00:00
sell,1,149,2020-10-11T17:54:26.000+00:00
sell,1,100,2020-11-02T21:47:52.000+00:00
sell,1,70,2020-11-06T09:15:04.000+00:00
buy,20,30,2020-11-17T07:14:10.000+00:00
sell,8,100,2020-11-30T21:17:14.000+00:00
sell,1,80,2020-12-06T00:42:56.000+00:00
sell,2,99,2020-12-25T19:06:46.000+00:00
sell,3,60,2021-02-01T08:33:26.000+00:00
sell,1,80,2021-02-05T05:26:00.000+00:00
sell,1,75,2021-02-06T09:41:26.000+00:00
sell,14,70,2021-02-24T11:13:53.000+00:00
sell,30,120,2021-02-27T17:53:14.000+00:00
sell,1,79,2021-03-04T09:37:21.000+00:00
sell,8,99,2021-03-08T23:24:47.000+00:00
sell,2,199,2021-03-09T03:15:00.000+00:00
sell,1,90,2021-03-20T17:18:35.000+00:00
sell,13,89,2021-04-10T23:46:35.000+00:00
sell,8,70,2021-04-13T03:28:08.000+00:00
sell,1,120,2021-04-25T12:02:35.000+00:00
sell,1,60,2021-05-01T02:43:45.000+00:00
sell,1,80,2021-05-12T19:58:27.000+00:00
sell,4,80,2021-05-30T03:53:36.000+00:00
sell,6,88,2021-05-30T06:26:36.000+00:00
sell,9,65,2021-06-01T11:29:41.000+00:00
sell,1,75,2021-06-08T01:43:43.000+00:00
sell,1,150,2021-06-16T02:17:20.000+00:00
sell,1,80,2021-06-23T20:47:12.000+00:00
sell,10,119,2021-07-14T01:28:41.000+00:00
sell,1,90,2021-07-19T20:22:17.000+00:00
sell,1,160,2021-07-20T13:24:42.000+00:00
sell,4,60,2021-07-20T19:39:25.000+00:00
sell,4,80,2021-08-07T13:16:48.000+00:00
sell,1,69,2021-08-14T22:49:07.000+00:00
buy,3,35,2021-08-31T12:14:45.000+00:00
sell,1,85,2021-09-02T11:04:19.000+00:00
sell,1,75,2021-09-18T09:07:12.000+00:00
sell,1,150,2021-09-22T02:07:30.000+00:00
sell,1,120,2021-09-25T01:10:27.000+00:00
sell,3,150,2021-09-26T12:18:23.000+00:00
sell,9,80,2021-10-08T13:17:27.000+00:00
sell,3,70,2021-10-09T07:40:21.000+00:00
sell,1,99,2021-10-10T02:49:21.000+00:00
buy,1,35,2021-10-20T02:25:39.000+00:00
sell,2,65,2021-10-21T13:52:48.000+00:00
sell,1,80,2021-11-13T18:32:52.000+00:00
sell,2,99,2021-12-08T23:12:33.000+00:00
sell,5,75,2022-01-08T11:39:12.000+00:00
sell,1,80,2022-01-13T19:07:38.000+00:00
sell,3,68,2022-01-19T13:58:27.000+00:00
sell,1,130,2022-01-19T15:53:06.000+00:00
sell,1,100,2022-02-05T02:26:26.000+00:00
sell,1,80,2022-02-06T11:18:12.000+00:00
sell,3,80,2022-02-12T07:42:31.000+00:00
sell,10,75,2022-02-16T17:32:32.000+00:00
sell,1,75,2022-02-17T14:00:27.000+00:00
sell,1,80,2022-02-17T21:00:44.000+00:00
sell,2,65,2022-02-19T16:33:19.000+00:00
buy,6,5,2022-03-02T03:55:06.000+00:00
sell,6,200,2022-03-07T02:39:44.000+00:00
sell,1,79,2022-03-14T09:25:20.000+00:00
sell,17,200,2022-03-28T23:57:04.000+00:00
sell,1,140,2022-04-03T00:30:57.000+00:00
sell,6,95,2022-04-05T09:14:42.000+00:00
sell,1,70,2022-04-10T13:50:23.000+00:00
sell,1,65,2022-05-11T04:00:35.000+00:00
sell,1,70,2022-05-11T07:24:36.000+00:00
sell,36,75,2022-05-12T21:40:41.000+00:00
sell,1,100,2022-05-12T22:25:48.000+00:00
sell,2,70,2022-05-22T12:47:45.000+00:00
sell,1,100,2022-05-22T17:55:34.000+00:00
sell,17,75,2022-05-29T07:03:13.000+00:00
sell,1,83,2022-06-04T12:24:13.000+00:00
sell,48,100,2022-07-01T08:04:04.000+00:00
sell,9,62,2022-07-04T20:40:56.000+00:00
sell,3,120,2022-07-08T14:31:07.000+00:00
sell,2,90,2022-07-09T21:51:53.000+00:00
sell,80,80,2022-07-18T08:31:38.000+00:00
sell,2,150,2022-07-18T20:02:12.000+00:00
sell,2,120,2022-07-22T08:12:43.000+00:00
sell,2,59,2022-07-23T16:28:38.000+00:00
sell,1,60,2022-08-03T06:47:03.000+00:00
sell,3,75,2022-08-07T02:30:05.000+00:00
buy,98,40,2022-08-08T18:28:52.000+00:00
sell,1,100,2022-08-12T13:42:23.000+00:00
sell,1,70,2022-08-13T11:21:23.000+00:00
sell,3,80,2022-08-16T01:51:37.000+00:00
sell,1,250,2022-08-21T02:02:48.000+00:00
sell,1,90,2022-08-28T22:36:00.000+00:00
sell,1,129,2022-08-31T14:03:26.000+00:00
sell,1,80,2022-09-05T03:40:29.000+00:00
sell,1,110,2022-09-18T00:40:03.000+00:00
sell,6,90,2022-09-23T11:19:06.000+00:00
sell,1,60,2022-10-17T22:18:02.000+00:00
sell,1,70,2022-10-21T07:37:14.000+00:00
buy,6,40,2022-10-27T12:47:26.000+00:00
sell,6,195,2022-11-09T01:21:57.000+00:00
sell,1,100,2022-11-16T02:13:51.000+00:00
sell,60,100,2022-11-25T12:58:04.000+00:00
sell,4,75,2022-11-25T17:24:07.000+00:00
sell,11,60,2022-12-10T10:27:35.000+00:00
sell,2,65,2022-12-10T10:34:12.000+00:00
sell,1,75,2022-12-20T02:26:18.000+00:00
sell,3,100,2022-12-24T13:16:11.000+00:00
sell,3,119,2022-12-29T19:45:16.000+00:00
sell,1,70,2023-01-02T19:48:00.000+00:00
buy,1,30,2023-01-07T17:49:03.000+00:00
sell,2,80,2023-01-13T13:22:20.000+00:00
sell,30,75,2023-01-15T14:01:36.000+00:00
buy,2,20,2023-01-19T08:05:12.000+00:00
buy,100,35,2023-01-29T15:55:20.000+00:00
sell,5,80,2023-02-05T19:08:44.000+00:00
sell,3,75,2023-02-18T05:34:28.000+00:00
sell,2,75,2023-02-24T14:35:19.000+00:00
sell,4,80,2023-02-25T22:53:50.000+00:00
sell,1,180,2023-03-02T01:33:45.000+00:00
sell,10,99,2023-03-17T15:45:12.000+00:00
sell,2,90,2023-03-20T16:45:07.000+00:00
sell,3,60,2023-03-21T22:57:45.000+00:00
sell,2,120,2023-03-24T07:17:24.000+00:00
sell,2,65,2023-03-25T03:29:47.000+00:00
sell,2,80,2023-03-26T10:53:19.000+00:00
sell,3,65,2023-03-28T10:44:36.000+00:00
sell,1,60,2023-03-30T23:23:15.000+00:00
sell,2,110,2023-04-01T14:06:25.000+00:00
sell,114,125,2023-04-07T07:00:56.000+00:00
buy,1,35,2023-04-09T01:09:57.000+00:00
sell,1,120,2023-04-15T18:38:00.000+00:00
sell,1,62,2023-04-15T19:51:18.000+00:00
sell,1,100,2023-04-16T13:44:53.000+00:00
sell,8,80,2023-04-20T01:02:17.000+00:00
sell,3,90,2023-04-24T08:56:06.000+00:00
sell,1,80,2023-05-05T04:42:25.000+00:00
sell,1,100,2023-05-06T02:20:48.000+00:00
sell,2,150,2023-05-07T12:58:39.000+00:00
sell,1,85,2023-05-11T09:11:58.000+00:00
sell,1,150,2023-05-14T13:48:55.000+00:00
sell,1,80,2023-05-19T23:19:18.000+00:00
sell,1,80,2023-05-28T14:11:18.000+00:00
sell,1,350,2023-06-04T23:24:25.000+00:00
sell,2,79,2023-06-06T19:57:19.000+00:00
sell,11,200,2023-06-07T22:37:52.000+00:00
sell,2,99,2023-06-08T04:46:53.000+00:00
sell,1,70,2023-06-09T20:33:07.000+00:00
sell,6,65,2023-06-12T17:19:15.000+00:00
sell,1,300,2023-06-12T22:09:12.000+00:00
sell,1,75,2023-06-16T23:11:42.000+00:00
sell,1,80,2023-06-17T02:57:49.000+00:00
sell,1,90,2023-06-18T08:23:59.000+00:00
sell,1,99,2023-06-24T00:36:24.000+00:00
sell,2,100,2023-06-25T21:42:24.000+00:00
sell,2,100,2023-07-02T01:34:29.000+00:00
sell,1,150,2023-07-02T15:55:06.000+00:00
sell,3,90,2023-07-05T03:41:27.000+00:00
sell,1,89,2023-07-14T03:56:15.000+00:00
sell,1,59,2023-07-14T07:49:22.000+00:00
sell,1,80,2023-07-15T02:00:37.000+00:00
sell,10,75,2023-07-29T15:42:15.000+00:00
sell,1,80,2023-07-31T14:28:27.000+00:00
sell,46,60,2023-08-01T18:37:38.000+00:00
sell,3,70,2023-08-08T05:44:07.000+00:00
sell,3,80,2023-08-10T09:35:53.000+00:00
buy,1,40,2023-08-14T10:15:15.000+00:00
sell,1,55,2023-08-18T04:10:46.000+00:00
sell,1,70,2023-08-25T17:45:52.000+00:00
sell,6,250,2023-08-26T06:39:05.000+00:00
sell,1,100,2023-08-26T11:21:13.000+00:00
sell,1,102,2023-08-29T16:46:28.000+00:00
sell,1,80,2023-08-30T11:31:01.000+00:00
sell,1,200,2023-09-02T06:40:20.000+00:00
sell,1,65,2023-09-09T07:04:56.000+00:00
sell,1,100,2023-09-09T16:04:47.000+00:00
buy,17,50,2023-09-12T20:34:57.000+00:00
sell,2,60,2023-09-18T15:54:40.000+00:00
sell,1,69,2023-09-19T14:15:05.000+00:00
sell,1,100,2023-09-27T01:45:04.000+00:00
sell,3,100,2023-09-30T01:31:53.000+00:00
sell,10,80,2023-09-30T08:31:50.000+00:00
sell,2,70,2023-10-03T10:53:06.000+00:00
sell,1,80,2023-10-03T19:03:44.000+00:00
sell,1,70,2023-10-04T23:21:18.000+00:00
sell,2,85,2023-10-09T19:51:25.000+00:00
sell,3,70,2023-10-11T04:25:03.000+00:00
sell,2,100,2023-10-11T20:10:22.000+00:00
sell,1,100,2023-10-13T19:56:03.000+00:00
sell,1,90,2023-10-14T04:47:53.000+00:00
sell,4,100,2023-10-14T13:54:27.000+00:00
sell,1,65,2023-10-15T18:22:06.000+00:00
sell,1,89,2023-10-15T19:21:30.000+00:00
sell,6,100,2023-10-18T03:12:34.000+00:00
buy,99,50,2023-10-19T00:13:58.000+00:00
sell,1,63,2023-10-21T09:36:12.000+00:00
sell,24,90,2023-10-21T10:52:22.000+00:00
sell,1,80,2023-10-21T14:53:09.000+00:00
sell,1,59,2023-10-23T09:30:52.000+00:00
sell,1,100,2023-10-26T00:52:23.000+00:00
sell,1,90,2023-10-27T07:17:46.000+00:00
sell,31,85,2023-10-30T00:12:57.000+00:00
sell,1,100,2023-11-01T17:29:42.000+00:00
sell,1,110,2023-11-02T23:07:56.000+00:00
sell,1,150,2023-11-03T10:40:28.000+00:00
sell,3,100,2023-11-03T18:01:02.000+00:00
sell,1,125,2023-11-05T00:46:11.000+00:00
buy,1,44,2023-11-06T11:44:42.000+00:00
sell,1,90,2023-11-06T15:10:10.000+00:00
sell,1,85,2023-11-15T00:03:36.000+00:00
sell,3,200,2023-11-15T06:05:53.000+00:00
sell,1,70,2023-11-21T17:27:12.000+00:00
sell,1,90,2023-11-23T23:33:38.000+00:00
sell,4,99,2023-11-25T20:49:16.000+00:00
sell,1,75,2023-11-26T08:14:55.000+00:00
sell,1,85,2023-11-29T17:17:49.000+00:00
sell,1,80,2023-12-01T01:31:49.000+00:00
sell,2,80,2023-12-01T18:14:24.000+00:00
sell,1,85,2023-12-02T04:18:00.000+00:00
sell,1,100,2023-12-04T17:26:27.000+00:00
sell,4,160,2023-12-06T21:50:51.000+00:00
sell,2,80,2023-12-09T11:36:58.000+00:00
sell,7,80,2023-12-09T21:02:25.000+00:00
sell,5,200,2023-12-10T13:34:42.000+00:00
sell,5,60,2023-12-15T14:55:33.000+00:00
sell,1,80,2023-12-15T18:05:36.000+00:00
sell,1,85,2023-12-20T07:06:10.000+00:00
sell,3,300,2023-12-21T21:54:15.000+00:00
sell,1,100,2023-12-22T00:31:13.000+00:00
sell,1,80,2023-12-24T04:53:20.000+00:00
sell,1,75,2023-12-24T08:52:03.000+00:00
buy,1,40,2023-12-24T11:44:33.000+00:00
sell,1,120,2023-12-25T15:38:40.000+00:00
sell,3,77,2023-12-25T19:25:28.000+00:00
sell,1,80,2023-12-27T01:53:24.000+00:00
sell,1,100,2023-12-31T14:17:55.000+00:00
sell,5,100,2024-01-05T19:37:41.000+00:00
sell,1,100,2024-01-06T23:59:48.000+00:00
sell,1,80,2024-01-08T16:50:25.000+00:00
sell,2,75,2024-01-09T22:36:38.000+00:00
sell,1,90,2024-01-11T00:40:15.000+00:00
sell,1,85,2024-01-12T20:14:03.000+00:00
sell,1,90,2024-01-12T22:02:26.000+00:00
sell,1,80,2024-01-13T09:53:09.000+00:00
sell,1,100,2024-01-13T20:47:48.000+00:00
sell,1,80,2024-01-14T13:01:07.000+00:00
sell,2,80,2024-01-15T11:24:30.000+00:00
sell,13,79,2024-01-16T15:15:44.000+00:00
sell,1,70,2024-01-16T20:15:28.000+00:00
sell,2,90,2024-01-17T10:01:34.000+00:00
sell,3,80,2024-01-17T23:16:25.000+00:00
sell,2,80,2024-01-18T14:14:07.000+00:00
sell,1,110,2024-01-18T18:55:31.000+00:00
sell,1,90,2024-01-20T10:04:19.000+00:00
sell,1,100,2024-01-20T10:44:32.000+00:00
sell,1,59,2024-01-21T20:17:46.000+00:00
sell,3,69,2024-01-23T10:59:30.000+00:00
sell,1,80,2024-01-25T09:56:24.000+00:00
sell,1,70,2024-01-25T16:11:18.000+00:00
sell,5,100,2024-01-25T18:02:19.000+00:00
sell,1,80,2024-01-26T07:07:02.000+00:00
sell,2,80,2024-01-26T15:57:27.000+00:00
sell,4,200,2024-01-26T21:55:34.000+00:00
buy,46,50,2024-01-30T03:17:30.000+00:00
sell,2,80,2024-01-30T11:12:42.000+00:00
sell,1,120,2024-01-31T00:14:07.000+00:00
sell,1,120,2024-01-31T00:30:45.000+00:00
sell,1,119,2024-01-31T17:51:56.000+00:00
sell,1,100,2024-02-01T07:07:02.000+00:00
sell,1,80,2024-02-03T09:45:33.000+00:00
sell,2,85,2024-02-03T10:35:43.000+00:00
sell,1,100,2024-02-03T11:44:43.000+00:00
sell,1,100,2024-02-03T13:40:22.000+00:00
sell,1,100,2024-02-05T21:09:01.000+00:00
sell,1,60,2024-02-06T04:54:07.000+00:00
sell,1,88,2024-02-06T16:49:52.000+00:00
sell,1,60,2024-02-07T20:44:41.000+00:00
sell,1,70,2024-02-08T03:00:06.000+00:00
sell,1,80,2024-02-09T13:24:40.000+00:00
sell,2,80,2024-02-09T16:52:19.000+00:00
sell,1,100,2024-02-11T01:31:13.000+00:00
sell,2,100,2024-02-12T05:24:50.000+00:00
sell,1,120,2024-02-13T13:21:15.000+00:00
sell,1,70,2024-02-15T10:58:58.000+00:00
sell,2,90,2024-02-18T06:23:06.000+00:00
sell,1,90,2024-02-19T15:29:53.000+00:00
sell,1,80,2024-02-20T13:59:43.000+00:00
sell,1,85,2024-02-21T21:56:50.000+00:00
sell,1,83,2024-02-22T02:38:33.000+00:00
sell,1,100,2024-02-23T02:07:47.000+00:00
sell,1,75,2024-02-23T06:49:57.000+00:00
sell,1,95,2024-02-24T12:14:03.000+00:00
sell,5,80,2024-02-24T19:35:58.000+00:00
sell,2,80,2024-02-24T19:58:50.000+00:00
sell,1,70,2024-02-25T02:34:31.000+00:00
sell,1,80,2024-02-25T06:02:17.000+00:00
sell,1,75,2024-02-26T02:09:09.000+00:00
sell,1,80,2024-02-26T19:29:17.000+00:00
sell,1,60,2024-02-27T05:08:39.000+00:00
sell,1,75,2024-02-27T11:42:42.000+00:00
sell,1,69,2024-02-28T06:38:12.000+00:00
sell,1,100,2024-02-29T18:23:55.000+00:00
sell,1,120,2024-03-01T06:02:32.000+00:00
sell,1,60,2024-03-01T20:15:57.000+00:00
sell,1,90,2024-03-01T22:09:59.000+00:00
sell,3,90,2024-03-03T02:11:34.000+00:00
sell,1,98,2024-03-03T13:25:47.000+00:00
sell,1,74,2024-03-03T20:41:01.000+00:00
sell,1,85,2024-03-04T01:16:09.000+00:00
sell,1,80,2024-03-04T07:20:37.000+00:00
sell,3,80,2024-03-08T08:19:09.000+00:00
sell,3,80,2024-03-08T12:53:43.000+00:00
sell,2,100,2024-03-08T21:53:34.000+00:00
sell,1,150,2024-03-09T09:24:13.000+00:00
sell,1,80,2024-03-09T11:01:37.000+00:00
buy,2,45,2024-03-09T14:29:04.000+00:00
sell,1,80,2024-03-10T10:56:03.000+00:00
sell,1,69,2024-03-10T13:05:59.000+00:00
sell,1,90,2024-03-12T11:11:04.000+00:00
sell,11,81,2024-03-12T13:08:28.000+00:00
sell,1,100,2024-03-13T05:37:22.000+00:00
sell,10,190,2024-03-13T13:34:11.000+00:00
sell,1,80,2024-03-13T14:36:26.000+00:00
buy,10,40,2024-03-13T21:21:36.000+00:00
sell,1,74,2024-03-14T15:36:28.000+00:00
sell,1,80,2024-03-14T19:22:00.000+00:00
sell,1,85,2024-03-15T01:58:31.000+00:00
sell,1,90,2024-03-15T09:41:10.000+00:00
sell,2,80,2024-03-15T12:46:43.000+00:00
sell,1,78,2024-03-15T15:54:47.000+00:00
sell,1,80,2024-03-15T16:58:05.000+00:00
sell,1,89,2024-03-15T23:55:07.000+00:00
sell,5,80,2024-03-16T01:27:37.000+00:00
sell,1,100,2024-03-16T02:30:44.000+00:00
sell,3,100,2024-03-16T19:49:44.000+00:00
buy,1,38,2024-03-17T03:18:35.000+00:00
buy,31,31,2024-03-17T10:13:36.000+00:00
sell,2,80,2024-03-17T10:32:56.000+00:00
sell,1,80,2024-03-17T14:30:37.000+00:00
sell,1,99,2024-03-18T22:44:44.000+00:00
sell,1,100,2024-03-19T00:30:04.000+00:00
sell,3,98,2024-03-19T06:47:38.000+00:00
sell,1,150,2024-03-19T08:31:25.000+00:00
sell,1,84,2024-03-20T11:14:03.000+00:00
sell,1,80,2024-03-20T12:08:03.000+00:00
sell,1,79,2024-03-20T18:49:44.000+00:00
sell,1,70,2024-03-20T19:17:03.000+00:00
sell,1,100,2024-03-20T19:55:46.000+00:00
sell,2,80,2024-03-20T20:00:44.000+00:00
buy,1,45,2024-03-20T20:47:44.000+00:00
sell,1,100,2024-03-22T20:42:20.000+00:00
sell,1,80,2024-03-23T14:21:37.000+00:00
sell,1,80,2024-03-23T17:51:59.000+00:00
sell,1,80,2024-03-23T18:03:15.000+00:00
sell,1,70,2024-03-24T06:58:16.000+00:00
sell,1,70,2024-03-24T08:12:25.000+00:00
sell,1,85,2024-03-24T08:53:09.000+00:00
sell,1,70,2024-03-24T09:45:51.000+00:00
sell,3,79,2024-03-24T17:48:56.000+00:00
sell,1,75,2024-03-24T20:19:13.000+00:00
sell,1,75,2024-03-24T22:42:00.000+00:00
sell,1,80,2024-03-25T07:58:09.000+00:00
sell,1,90,2024-03-25T10:13:04.000+00:00
sell,1,75,2024-03-25T14:18:18.000+00:00
sell,5,98,2024-03-26T00:41:10.000+00:00
sell,6,180,2024-03-26T02:24:35.000+00:00
sell,1,100,2024-03-26T21:12:59.000+00:00
sell,1,75,2024-03-27T07:56:26.000+00:00
sell,1,90,2024-03-27T19:01:33.000+00:00
sell,1,65,2024-03-28T04:31:48.000+00:00
sell,1,80,2024-03-28T05:13:13.000+00:00
sell,1,68,2024-03-28T10:37:58.000+00:00
sell,1,75,2024-03-28T16:39:43.000+00:00
sell,1,80,2024-03-29T10:12:41.000+00:00
sell,8,100,2024-03-30T06:24:28.000+00:00
sell,1,80,2024-03-30T21:21:16.000+00:00
sell,1,80,2024-03-31T05:38:37.000+00:00
sell,1,80,2024-03-31T16:28:05.000+00:00
sell,2,65,2024-03-31T22:02:11.000+00:00
sell,2,70,2024-04-01T05:28:25.000+00:00
sell,1,74,2024-04-01T07:28:50.000+00:00
sell,1,80,2024-04-02T09:58:08.000+00:00
sell,4,120,2024-04-02T15:15:04.000+00:00
buy,1,40,2024-04-02T16:32:49.000+00:00
sell,1,80,2024-04-03T16:10:54.000+00:00
sell,1,75,2024-04-03T19:41:23.000+00:00
sell,1,60,2024-04-04T04:04:19.000+00:00
sell,6,120,2024-04-04T04:23:37.000+00:00
sell,1,59,2024-04-04T22:09:57.000+00:00
sell,1,80,2024-04-05T04:05:55.000+00:00
sell,1,65,2024-04-05T17:36:03.000+00:00
sell,4,80,2024-04-05T20:45:45.000+00:00
sell,1,70,2024-04-05T22:48:21.000+00:00
sell,1,80,2024-04-06T00:11:40.000+00:00
sell,1,75,2024-04-06T01:19:04.000+00:00
sell,1,75,2024-04-06T08:51:47.000+00:00
sell,1,70,2024-04-07T07:42:52.000+00:00
sell,2,75,2024-04-07T13:03:10.000+00:00
buy,1,40,2024-04-07T14:54:58.000+00:00
sell,1,80,2024-04-08T14:21:35.000+00:00
sell,3,80,2024-04-09T06:27:37.000+00:00
sell,1,97,2024-04-09T12:55:43.000+00:00
sell,1,85,2024-04-09T15:06:11.000+00:00
sell,3,85,2024-04-09T21:29:14.000+00:00
sell,1,85,2024-04-10T05:45:59.000+00:00
sell,2,90,2024-04-10T13:28:07.000+00:00
buy,1,45,2024-04-10T14:13:14.000+00:00
buy,1,30,2024-04-10T14:16:13.000+00:00
sell,1,75,2024-04-10T19:23:01.000+00:00
sell,1,90,2024-04-10T23:00:04.000+00:00
sell,1,85,2024-04-10T23:35:17.000+00:00
sell,1,100,2024-04-11T18:30:16.000+00:00
sell,2,70,2024-04-12T06:12:13.000+00:00
sell,1,80,2024-04-12T07:29:26.000+00:00
sell,1,79,2024-04-12T08:42:58.000+00:00
sell,1,75,2024-04-12T11:24:53.000+00:00
sell,7,80,2024-04-13T17:54:57.000+00:00
sell,1,75,2024-04-13T18:22:57.000+00:00
sell,1,80,2024-04-13T22:39:15.000+00:00
sell,1,70,2024-04-14T15:37:36.000+00:00
sell,1,85,2024-04-15T10:00:50.000+00:00
sell,1,80,2024-04-15T10:49:04.000+00:00
sell,1,75,2024-04-16T10:42:01.000+00:00
sell,1,110,2024-04-16T13:39:03.000+00:00
sell,2,70,2024-04-19T01:13:23.000+00:00
sell,1,70,2024-04-19T03:26:28.000+00:00
sell,1,80,2024-04-19T13:42:34.000+00:00
sell,1,70,2024-04-19T15:33:51.000+00:00
sell,1,80,2024-04-19T17:24:37.000+00:00
sell,1,80,2024-04-19T20:20:30.000+00:00
sell,1,85,2024-04-20T02:18:15.000+00:00
sell,13,75,2024-04-20T03:31:57.000+00:00
sell,3,60,2024-04-20T10:17:03.000+00:00
sell,1,100,2024-04-20T10:55:18.000+00:00
sell,1,75,2024-04-20T18:54:24.000+00:00
sell,1,70,2024-04-21T07:21:41.000+00:00
buy,1,25,2024-04-21T08:04:33.000+00:00
sell,2,80,2024-04-21T08:05:02.000+00:00
sell,1,85,2024-04-22T13:36:45.000+00:00
sell,1,80,2024-04-22T21:08:30.000+00:00
sell,2,80,2024-04-23T01:05:04.000+00:00
sell,1,80,2024-04-23T07:37:11.000+00:00
buy,1,45,2024-04-23T08:35:30.000+00:00
sell,6,75,2024-04-23T21:26:20.000+00:00
sell,3,80,2024-04-24T00:52:23.000+00:00
sell,1,60,2024-04-24T06:52:06.000+00:00
sell,1,76,2024-04-24T07:16:14.000+00:00
sell,1,75,2024-04-24T19:29:04.000+00:00
buy,5,50,2024-04-25T03:39:56.000+00:00
sell,1,75,2024-04-26T02:51:35.000+00:00
sell,1,100,2024-04-26T12:04:26.000+00:00
sell,1,70,2024-04-26T14:48:27.000+00:00
sell,1,100,2024-04-27T16:35:45.000+00:00
sell,2,99,2024-04-27T20:47:21.000+00:00
sell,1,70,2024-04-28T02:53:28.000+00:00
sell,1,80,2024-04-28T10:23:27.000+00:00
sell,2,75,2024-04-28T15:00:13.000+00:00
sell,1,75,2024-04-28T22:50:02.000+00:00
sell,3,120,2024-04-29T15:47:57.000+00:00
sell,2,75,2024-04-29T19:40:17.000+00:00
sell,1,75,2024-05-01T02:57:09.000+00:00
sell,1,65,2024-05-01T08:26:57.000+00:00
sell,1,77,2024-05-01T13:03:20.000+00:00
sell,1,70,2024-05-01T19:13:25.000+00:00
sell,1,65,2024-05-01T22:21:31.000+00:00
sell,1,85,2024-05-01T22:35:31.000+00:00
sell,1,75,2024-05-01T22:45:02.000+00:00
sell,1,80,2024-05-02T08:55:40.000+00:00
sell,2,69,2024-05-02T14:13:57.000+00:00
sell,1,65,2024-05-02T16:10:14.000+00:00
sell,1,75,2024-05-02T20:42:51.000+00:00
sell,1,150,2024-05-02T21:23:34.000+00:00
sell,1,68,2024-05-03T10:13:29.000+00:00
sell,1,70,2024-05-03T10:53:26.000+00:00
sell,2,75,2024-05-03T14:44:54.000+00:00
sell,1,70,2024-05-03T16:57:18.000+00:00
buy,2,45,2024-05-03T20:04:51.000+00:00
sell,1,70,2024-05-03T23:37:00.000+00:00
sell,1,75,2024-05-04T01:10:55.000+00:00
sell,1,85,2024-05-04T01:25:58.000+00:00
sell,1,80,2024-05-04T01:27:13.000+00:00
sell,1,60,2024-05-04T08:09:46.000+00:00
sell,3,74,2024-05-04T08:56:40.000+00:00
sell,4,80,2024-05-04T09:39:51.000+00:00
sell,1,70,2024-05-04T12:42:50.000+00:00
sell,2,70,2024-05-04T12:59:19.000+00:00
sell,1,70,2024-05-04T15:47:03.000+00:00
sell,7,80,2024-05-04T20:12:28.000+00:00
sell,1,70,2024-05-04T20:33:05.000+00:00
sell,1,80,2024-05-05T07:14:25.000+00:00
sell,1,69,2024-05-05T08:12:35.000+00:00
sell,1,68,2024-05-05T10:05:12.000+00:00
sell,1,70,2024-05-05T10:29:07.000+00:00
buy,1,46,2024-05-05T11:08:44.000+00:00
sell,2,60,2024-05-05T11:22:59.000+00:00
sell,1,70,2024-05-05T12:08:51.000+00:00
sell,1,75,2024-05-05T18:06:15.000+00:00
sell,1,65,2024-05-05T18:50:22.000+00:00
buy,9,40,2024-05-06T20:43:57.000+00:00
sell,1,75,2024-05-06T21:56:08.000+00:00
sell,2,75,2024-05-06T22:47:49.000+00:00
sell,1,80,2024-05-07T04:15:16.000+00:00
sell,1,60,2024-05-07T12:42:15.000+00:00
sell,1,70,2024-05-07T16:11:04.000+00:00
buy,1,35,2024-05-07T20:11:24.000+00:00
buy,1,43,2024-05-08T04:09:19.000+00:00
sell,1,80,2024-05-08T16:32:02.000+00:00
buy,1,30,2024-05-08T17:54:29.000+00:00
sell,2,59,2024-05-08T23:53:45.000+00:00
sell,1,80,2024-05-09T05:28:12.000+00:00
sell,3,73,2024-05-09T07:24:51.000+00:00
sell,1,80,2024-05-09T08:46:22.000+00:00
sell,1,70,2024-05-09T10:15:11.000+00:00
sell,1,70,2024-05-09T10:37:05.000+00:00
buy,1,46,2024-05-09T14:34:40.000+00:00
sell,2,100,2024-05-09T16:21:54.000+00:00
sell,1,70,2024-05-09T17:10:01.000+00:00
sell,1,74,2024-05-09T17:11:28.000+00:00
sell,1,70,2024-05-09T19:46:49.000+00:00
sell,1,75,2024-05-09T19:59:23.000+00:00
sell,1,70,2024-05-09T21:38:30.000+00:00
sell,1,68,2024-05-10T10:27:52.000+00:00
sell,3,70,2024-05-10T10:27:59.000+00:00
sell,1,70,2024-05-10T12:12:52.000+00:00
sell,2,70,2024-05-10T13:50:17.000+00:00
sell,1,65,2024-05-10T15:07:57.000+00:00
sell,1,95,2024-05-10T16:04:00.000+00:00
sell,1,75,2024-05-10T19:13:43.000+00:00
sell,2,70,2024-05-10T21:01:30.000+00:00
sell,3,100,2024-05-10T21:56:02.000+00:00
sell,1,70,2024-05-11T00:33:18.000+00:00
sell,1,65,2024-05-11T00:56:50.000+00:00
sell,1,75,2024-05-11T01:12:06.000+00:00
sell,1,80,2024-05-11T04:20:52.000+00:00
buy,1,30,2024-05-11T06:46:27.000+00:00
sell,1,69,2024-05-11T07:51:09.000+00:00
sell,3,65,2024-05-11T09:04:45.000+00:00
sell,1,50,2024-05-11T10:05:57.000+00:00
sell,1,95,2024-05-11T13:23:51.000+00:00
sell,1,90,2024-05-11T14:28:58.000+00:00
sell,2,120,2024-05-11T18:24:07.000+00:00
sell,1,60,2024-05-11T20:09:13.000+00:00
sell,1,75,2024-05-11T22:49:35.000+00:00
sell,2,120,2024-05-11T23:43:03.000+00:00
sell,1,74,2024-05-12T00:09:41.000+00:00
sell,2,62,2024-05-12T00:57:08.000+00:00
buy,5,50,2024-05-12T03:10:25.000+00:00
sell,1,70,2024-05-12T07:04:09.000+00:00
sell,1,60,2024-05-12T09:52:51.000+00:00
sell,1,60,2024-05-12T11:10:31.000+00:00
sell,1,65,2024-05-12T14:50:09.000+00:00
sell,1,80,2024-05-12T15:04:27.000+00:00
sell,1,70,2024-05-12T15:28:11.000+00:00
buy,2,45,2024-05-12T15:31:51.000+00:00
buy,6,35,2024-05-12T17:45:05.000+00:00
buy,1,30,2024-05-12T18:12:57.000+00:00
sell,1,75,2024-05-12T19:45:41.000+00:00
sell,1,69,2024-05-12T20:55:28.000+00:00
sell,1,70,2024-05-12T22:48:48.000+00:00
sell,1,88,2024-05-13T00:48:12.000+00:00
sell,1,60,2024-05-13T05:02:36.000+00:00
sell,3,75,2024-05-13T09:01:48.000+00:00
buy,1,40,2024-05-13T13:50:23.000+00:00
buy,1,45,2024-05-13T14:13:48.000+00:00
sell,2,100,2024-05-13T16:12:36.000+00:00
sell,1,70,2024-05-13T17:21:59.000+00:00
sell,1,75,2024-05-13T20:15:35.000+00:00
sell,1,75,2024-05-13T22:33:38.000+00:00
buy,10,31,2024-05-13T23:09:02.000+00:00
sell,1,60,2024-05-14T01:35:20.000+00:00
sell,1,80,2024-05-14T04:19:46.000+00:00
buy,1,35,2024-05-14T05:21:54.000+00:00
sell,1,60,2024-05-14T06:01:41.000+00:00
sell,1,69,2024-05-14T07:11:01.000+00:00
sell,1,70,2024-05-14T07:49:00.000+00:00
sell,1,68,2024-05-14T08:15:48.000+00:00
sell,1,70,2024-05-14T16:43:53.000+00:00
sell,1,80,2024-05-14T18:59:35.000+00:00
sell,1,70,2024-05-14T19:07:36.000+00:00
sell,2,75,2024-05-14T19:49:38.000+00:00
sell,3,65,2024-05-14T22:27:04.000+00:00
sell,1,80,2024-05-15T03:45:23.000+00:00
buy,12,42,2024-05-15T04:55:53.000+00:00
sell,2,69,2024-05-15T05:56:39.000+00:00
sell,1,72,2024-05-15T09:16:17.000+00:00
sell,1,64,2024-05-15T09:44:09.000+00:00
sell,1,70,2024-05-15T18:08:27.000+00:00
sell,1,65,2024-05-15T22:48:46.000+00:00
sell,3,80,2024-05-16T01:50:12.000+00:00
sell,1,55,2024-05-16T04:10:36.000+00:00
sell,3,70,2024-05-16T08:35:11.000+00:00
sell,1,65,2024-05-16T10:43:46.000+00:00
sell,1,65,2024-05-16T11:28:59.000+00:00
sell,1,80,2024-05-16T11:33:39.000+00:00
buy,10,46,2024-05-16T12:38:58.000+00:00
sell,1,59,2024-05-16T13:48:26.000+00:00
sell,2,65,2024-05-16T18:10:17.000+00:00
sell,1,65,2024-05-16T18:46:42.000+00:00
sell,1,74,2024-05-16T19:35:08.000+00:00
sell,1,67,2024-05-16T20:18:39.000+00:00
sell,1,68,2024-05-16T20:36:10.000+00:00
sell,1,70,2024-05-16T20:46:36.000+00:00
sell,1,65,2024-05-16T22:05:08.000+00:00
sell,1,69,2024-05-16T22:06:05.000+00:00
sell,1,67,2024-05-16T22:58:32.000+00:00
buy,1,40,2024-05-16T23:58:41.000+00:00
sell,1,55,2024-05-17T01:35:30.000+00:00
sell,1,70,2024-05-17T02:51:23.000+00:00
sell,1,73,2024-05-17T04:26:12.000+00:00
sell,1,68,2024-05-17T06:06:19.000+00:00
sell,1,75,2024-05-17T06:10:28.000+00:00
sell,1,120,2024-05-17T11:30:20.000+00:00
sell,1,90,2024-05-17T11:30:32.000+00:00
sell,1,110,2024-05-17T11:30:48.000+00:00
sell,1,120,2024-05-17T12:14:05.000+00:00
sell,1,64,2024-05-17T12:30:21.000+00:00
sell,1,70,2024-05-17T13:53:05.000+00:00
sell,1,79,2024-05-17T13:54:19.000+00:00
sell,2,64,2024-05-17T14:35:13.000+00:00
sell,1,60,2024-05-17T15:18:39.000+00:00
sell,1,65,2024-05-17T16:22:22.000+00:00
sell,1,65,2024-05-17T19:05:19.000+00:00
sell,1,120,2024-05-17T19:58:36.000+00:00
sell,1,70,2024-05-17T21:56:13.000+00:00
sell,1,59,2024-05-17T22:38:57.000+00:00
sell,1,78,2024-05-18T00:31:32.000+00:00
sell,1,70,2024-05-18T03:27:13.000+00:00
sell,1,65,2024-05-18T08:19:03.000+00:00
sell,1,120,2024-05-18T08:34:13.000+00:00
sell,1,75,2024-05-18T09:36:59.000+00:00
sell,2,68,2024-05-18T11:57:43.000+00:00
sell,1,65,2024-05-18T12:14:45.000+00:00
sell,1,68,2024-05-18T13:01:20.000+00:00
sell,1,63,2024-05-18T13:07:32.000+00:00
sell,1,120,2024-05-18T13:32:41.000+00:00
sell,1,80,2024-05-18T14:28:35.000+00:00
sell,1,65,2024-05-18T14:31:02.000+00:00
sell,1,90,2024-05-18T14:42:18.000+00:00
sell,4,65,2024-05-18T15:07:11.000+00:00
sell,7,85,2024-05-18T15:56:02.000+00:00
sell,10,62,2024-05-18T16:17:33.000+00:00
sell,1,69,2024-05-18T17:20:26.000+00:00
sell,1,70,2024-05-18T18:22:30.000+00:00
sell,1,75,2024-05-18T20:22:40.000+00:00
sell,2,75,2024-05-18T22:24:57.000+00:00
sell,1,80,2024-05-19T00:43:17.000+00:00
sell,1,65,2024-05-19T00:43:38.000+00:00
sell,20,65,2024-05-19T01:21:38.000+00:00
sell,1,65,2024-05-19T04:17:49.000+00:00
sell,1,64,2024-05-19T09:46:49.000+00:00
sell,3,65,2024-05-19T14:12:28.000+00:00
sell,1,80,2024-05-19T14:43:17.000+00:00
sell,1,65,2024-05-19T17:50:52.000+00:00
buy,1,35,2024-05-19T18:27:06.000+00:00
sell,1,84,2024-05-19T22:09:53.000+00:00
sell,1,65,2024-05-19T22:39:42.000+00:00
sell,1,65,2024-05-20T04:22:50.000+00:00
buy,1,41,2024-05-20T07:51:24.000+00:00
sell,1,110,2024-05-20T08:01:35.000+00:00
sell,1,65,2024-05-20T10:53:53.000+00:00
sell,1,99,2024-05-20T11:39:40.000+00:00
sell,1,70,2024-05-20T12:32:27.000+00:00
sell,3,85,2024-05-20T19:03:27.000+00:00
sell,1,60,2024-05-20T19:17:17.000+00:00
sell,1,69,2024-05-20T21:53:28.000+00:00
sell,1,60,2024-05-21T02:32:41.000+00:00
buy,5,35,2024-05-21T02:48:40.000+00:00
sell,1,65,2024-05-21T03:40:55.000+00:00
sell,1,70,2024-05-21T07:44:37.000+00:00
sell,1,70,2024-05-21T07:48:51.000+00:00
sell,1,65,2024-05-21T09:01:44.000+00:00
sell,1,63,2024-05-21T11:04:34.000+00:00
sell,2,60,2024-05-21T12:53:49.000+00:00
sell,1,80,2024-05-21T13:04:49.000+00:00
sell,1,63,2024-05-21T14:14:03.000+00:00
sell,1,58,2024-05-21T15:55:37.000+00:00
sell,1,70,2024-05-21T16:41:11.000+00:00
sell,1,70,2024-05-21T16:47:04.000+00:00
sell,1,70,2024-05-21T18:52:56.000+00:00
sell,1,60,2024-05-21T20:29:32.000+00:00
sell,1,70,2024-05-21T21:04:15.000+00:00
sell,1,65,2024-05-21T21:24:32.000+00:00
sell,1,63,2024-05-21T21:44:15.000+00:00
sell,2,60,2024-05-22T03:05:04.000+00:00
sell,1,80,2024-05-22T03:35:54.000+00:00
sell,1,70,2024-05-22T04:48:38.000+00:00
sell,1,73,2024-05-22T05:32:54.000+00:00
sell,1,70,2024-05-22T09:48:04.000+00:00
sell,1,100,2024-05-22T11:08:08.000+00:00
sell,1,70,2024-05-22T11:33:56.000+00:00
sell,2,70,2024-05-22T12:33:59.000+00:00
sell,1,60,2024-05-22T13:08:14.000+00:00
sell,1,70,2024-05-22T15:48:18.000+00:00
sell,1,80,2024-05-22T16:07:55.000+00:00
sell,1,59,2024-05-22T16:16:09.000+00:00
buy,1,46,2024-05-22T16:42:51.000+00:00
sell,1,62,2024-05-22T17:47:22.000+00:00
sell,1,60,2024-05-22T18:03:42.000+00:00
sell,1,65,2024-05-23T03:36:39.000+00:00
sell,1,75,2024-05-23T03:38:56.000+00:00
sell,1,70,2024-05-23T03:56:04.000+00:00
sell,1,64,2024-05-23T06:16:51.000+00:00
sell,1,65,2024-05-23T06:27:42.000+00:00
sell,1,60,2024-05-23T08:25:56.000+00:00
sell,1,65,2024-05-23T08:38:57.000+00:00
sell,1,65,2024-05-23T09:01:18.000+00:00
sell,1,65,2024-05-23T09:15:47.000+00:00
buy,1,46,2024-05-23T11:57:24.000+00:00
sell,1,80,2024-05-23T14:18:09.000+00:00
buy,3,45,2024-05-23T15:08:31.000+00:00
sell,2,65,2024-05-23T17:11:57.000+00:00
sell,8,75,2024-05-23T18:11:28.000+00:00
sell,1,60,2024-05-23T19:09:09.000+00:00
sell,1,70,2024-05-23T21:41:02.000+00:00
sell,1,80,2024-05-23T22:52:36.000+00:00
sell,1,65,2024-05-24T01:20:28.000+00:00
sell,9,100,2024-05-24T03:50:59.000+00:00
sell,6,70,2024-05-24T05:12:58.000+00:00
sell,1,70,2024-05-24T06:50:48.000+00:00
sell,1,55,2024-05-24T08:10:22.000+00:00
sell,1,90,2024-05-24T08:26:02.000+00:00
sell,1,65,2024-05-24T12:15:23.000+00:00
sell,1,65,2024-05-24T15:07:38.000+00:00
sell,1,70,2024-05-24T15:08:22.000+00:00
sell,1,80,2024-05-24T16:25:09.000+00:00
sell,1,65,2024-05-24T19:16:22.000+00:00
sell,1,60,2024-05-24T21:43:55.000+00:00
sell,1,65,2024-05-24T23:39:14.000+00:00
sell,1,70,2024-05-25T06:08:50.000+00:00
sell,1,65,2024-05-25T06:15:52.000+00:00
buy,1,45,2024-05-25T06:49:09.000+00:00
sell,1,100,2024-05-25T07:36:13.000+00:00
buy,1,38,2024-05-25T07:40:40.000+00:00
sell,3,60,2024-05-25T10:32:27.000+00:00
sell,1,65,2024-05-25T11:09:15.000+00:00
sell,1,80,2024-05-25T15:02:25.000+00:00
sell,1,90,2024-05-25T15:46:35.000+00:00
sell,1,65,2024-05-25T17:01:11.000+00:00
sell,2,58,2024-05-25T18:08:10.000+00:00
buy,5,46,2024-05-25T20:48:56.000+00:00
sell,1,60,2024-05-25T20:59:05.000+00:00
sell,1,80,2024-05-25T21:53:30.000+00:00
sell,1,60,2024-05-25T22:39:25.000+00:00
sell,1,70,2024-05-25T23:02:03.000+00:00
sell,1,80,2024-05-25T23:58:16.000+00:00
sell,1,65,2024-05-26T01:43:36.000+00:00
sell,1,64,2024-05-26T02:57:38.000+00:00
sell,1,75,2024-05-26T03:12:24.000+00:00
sell,1,70,2024-05-26T03:16:55.000+00:00
sell,3,65,2024-05-26T03:42:51.000+00:00
sell,1,79,2024-05-26T06:56:57.000+00:00
buy,1,38,2024-05-26T07:24:20.000+00:00
sell,1,70,2024-05-26T07:37:30.000+00:00
buy,1,41,2024-05-26T08:34:30.000+00:00
sell,1,60,2024-05-26T10:11:03.000+00:00
sell,1,70,2024-05-26T10:43:15.000+00:00
sell,1,55,2024-05-26T10:52:07.000+00:00
sell,1,70,2024-05-26T12:41:07.000+00:00
sell,1,69,2024-05-26T13:41:24.000+00:00
sell,1,59,2024-05-26T15:23:11.000+00:00
sell,1,70,2024-05-26T16:05:43.000+00:00
sell,1,60,2024-05-26T16:43:39.000+00:00
sell,1,80,2024-05-26T16:55:09.000+00:00
sell,1,65,2024-05-26T18:14:20.000+00:00
sell,1,60,2024-05-26T18:42:00.000+00:00
sell,1,70,2024-05-26T19:31:01.000+00:00
sell,1,70,2024-05-26T19:51:56.000+00:00
sell,1,62,2024-05-26T20:05:50.000+00:00
buy,1,50,2024-05-26T21:05:30.000+00:00
sell,1,65,2024-05-26T21:28:12.000+00:00
sell,1,69,2024-05-26T21:52:57.000+00:00
sell,1,59,2024-05-26T22:56:54.000+00:00
sell,1,80,2024-05-27T01:50:57.000+00:00
sell,2,70,2024-05-27T03:52:20.000+00:00
sell,1,83,2024-05-27T11:29:57.000+00:00
buy,1,45,2024-05-27T12:24:50.000+00:00
sell,1,70,2024-05-27T13:00:38.000+00:00
buy,98,42,2024-05-27T14:01:27.000+00:00
buy,1,45,2024-05-27T15:19:17.000+00:00
sell,2,59,2024-05-27T16:08:01.000+00:00
sell,1,70,2024-05-27T18:10:12.000+00:00
sell,2,69,2024-05-27T18:59:39.000+00:00
sell,1,60,2024-05-27T19:48:41.000+00:00
sell,2,62,2024-05-27T20:24:56.000+00:00
sell,1,70,2024-05-28T00:54:46.000+00:00
sell,1,65,2024-05-28T03:29:14.000+00:00
sell,2,75,2024-05-28T06:07:47.000+00:00
sell,1,70,2024-05-28T06:27:32.000+00:00
sell,1,70,2024-05-28T06:45:16.000+00:00
sell,1,60,2024-05-28T07:33:37.000+00:00
sell,1,60,2024-05-28T10:38:45.000+00:00
sell,1,65,2024-05-28T10:57:13.000+00:00
sell,1,65,2024-05-28T11:16:11.000+00:00
sell,1,130,2024-05-28T12:41:11.000+00:00
sell,1,65,2024-05-28T13:12:17.000+00:00
sell,1,65,2024-05-28T14:10:02.000+00:00
buy,2,42,2024-05-28T14:33:21.000+00:00
buy,5,41,2024-05-28T14:51:42.000+00:00
sell,1,65,2024-05-28T15:35:58.000+00:00
sell,1,63,2024-05-28T15:59:32.000+00:00
sell,8,99,2024-05-28T16:13:08.000+00:00
sell,1,59,2024-05-28T18:07:51.000+00:00
sell,1,79,2024-05-28T19:52:54.000+00:00
sell,8,60,2024-05-28T19:53:47.000+00:00
sell,1,60,2024-05-28T20:13:06.000+00:00
sell,1,69,2024-05-28T20:17:03.000+00:00
sell,2,60,2024-05-28T21:42:16.000+00:00
sell,1,58,2024-05-29T00:58:48.000+00:00
sell,1,64,2024-05-29T02:14:18.000+00:00
sell,1,65,2024-05-29T03:19:52.000+00:00
sell,1,100,2024-05-29T04:25:24.000+00:00
sell,1,55,2024-05-29T06:40:48.000+00:00
sell,5,65,2024-05-29T07:51:01.000+00:00
sell,1,64,2024-05-29T09:21:22.000+00:00
sell,2,100,2024-05-29T09:26:55.000+00:00
sell,3,70,2024-05-29T09:56:47.000+00:00
sell,1,70,2024-05-29T10:22:22.000+00:00
buy,1,42,2024-05-29T10:53:30.000+00:00
sell,1,60,2024-05-29T11:21:13.000+00:00
buy,3,41,2024-05-29T11:48:23.000+00:00
sell,1,80,2024-05-29T13:44:32.000+00:00
sell,1,55,2024-05-29T13:54:49.000+00:00
sell,1,60,2024-05-29T14:02:28.000+00:00
sell,1,65,2024-05-29T14:49:00.000+00:00
sell,1,69,2024-05-29T15:33:14.000+00:00
sell,1,200,2024-05-29T15:56:36.000+00:00
sell,1,58,2024-05-29T16:04:30.000+00:00
sell,1,60,2024-05-29T16:16:59.000+00:00
sell,1,60,2024-05-29T17:32:29.000+00:00
sell,1,60,2024-05-29T17:50:06.000+00:00
sell,1,50,2024-05-29T18:12:39.000+00:00
sell,1,60,2024-05-29T18:37:39.000+00:00
sell,1,59,2024-05-29T18:52:41.000+00:00
buy,1,50,2024-05-29T19:13:48.000+00:00
sell,1,70,2024-05-29T19:40:30.000+00:00
sell,1,60,2024-05-29T19:48:37.000+00:00
sell,1,60,2024-05-29T19:57:10.000+00:00
sell,1,59,2024-05-29T20:09:03.000+00:00
sell,1,60,2024-05-29T20:21:34.000+00:00
sell,1,74,2024-05-29T21:08:08.000+00:00
sell,1,80,2024-05-29T22:04:50.000+00:00
buy,5,40,2024-05-29T22:14:10.000+00:00
sell,1,70,2024-05-29T23:05:21.000+00:00
sell,1,60,2024-05-30T04:28:26.000+00:00
sell,1,70,2024-05-30T06:06:40.000+00:00
sell,3,70,2024-05-30T06:22:22.000+00:00
sell,1,69,2024-05-30T07:43:32.000+00:00
sell,1,59,2024-05-30T08:04:43.000+00:00
sell,1,65,2024-05-30T08:43:53.000+00:00
sell,1,65,2024-05-30T10:19:28.000+00:00
sell,1,60,2024-05-30T10:50:56.000+00:00
sell,2,80,2024-05-30T13:47:31.000+00:00
sell,1,60,2024-05-30T13:58:31.000+00:00
sell,1,70,2024-05-30T14:19:10.000+00:00
sell,1,60,2024-05-30T15:18:46.000+00:00
sell,1,65,2024-05-30T17:00:40.000+00:00
buy,1,40,2024-05-30T17:05:46.000+00:00
sell,1,60,2024-05-30T17:42:24.000+00:00
sell,1,80,2024-05-30T17:53:04.000+00:00
sell,1,60,2024-05-30T18:09:01.000+00:00
sell,2,60,2024-05-30T18:23:14.000+00:00
sell,1,70,2024-05-30T19:05:45.000+00:00
sell,1,60,2024-05-30T19:57:04.000+00:00
sell,2,60,2024-05-30T21:17:46.000+00:00
sell,1,99,2024-05-31T01:08:09.000+00:00
sell,1,57,2024-05-31T02:22:02.000+00:00
sell,1,60,2024-05-31T08:40:12.000+00:00
sell,1,60,2024-05-31T09:05:37.000+00:00
sell,2,60,2024-05-31T09:15:02.000+00:00
sell,1,90,2024-05-31T09:44:32.000+00:00
sell,2,60,2024-05-31T12:43:51.000+00:00
sell,1,60,2024-05-31T13:18:58.000+00:00
sell,1,55,2024-05-31T13:36:38.000+00:00
sell,4,59,2024-05-31T13:58:12.000+00:00
sell,2,60,2024-05-31T14:28:48.000+00:00
sell,1,60,2024-05-31T16:19:57.000+00:00
sell,1,80,2024-05-31T16:27:07.000+00:00
sell,1,60,2024-05-31T16:37:43.000+00:00
sell,1,70,2024-05-31T16:45:50.000+00:00
sell,1,125,2024-05-31T17:39:15.000+00:00
sell,1,55,2024-05-31T20:02:28.000+00:00
sell,1,60,2024-05-31T20:34:41.000+00:00
sell,3,55,2024-05-31T20:40:07.000+00:00
sell,1,75,2024-05-31T22:31:41.000+00:00
sell,1,70,2024-05-31T22:59:01.000+00:00
sell,1,111,2024-05-31T23:09:05.000+00:00
sell,14,60,2024-06-01T01:31:58.000+00:00
sell,2,70,2024-06-01T01:55:10.000+00:00
sell,2,60,2024-06-01T04:43:11.000+00:00
sell,1,70,2024-06-01T04:50:55.000+00:00
sell,1,70,2024-06-01T05:39:01.000+00:00
sell,3,65,2024-06-01T06:04:28.000+00:00
sell,1,65,2024-06-01T06:14:40.000+00:00
buy,1,50,2024-06-01T06:46:10.000+00:00
sell,1,60,2024-06-01T06:46:35.000+00:00
sell,1,62,2024-06-01T07:12:54.000+00:00
sell,1,65,2024-06-01T07:28:20.000+00:00
sell,1,60,2024-06-01T08:42:38.000+00:00
sell,1,60,2024-06-01T09:14:46.000+00:00
sell,1,60,2024-06-01T09:43:19.000+00:00
sell,1,70,2024-06-01T09:52:58.000+00:00
sell,1,200,2024-06-01T09:56:09.000+00:00
sell,3,60,2024-06-01T09:57:48.000+00:00
sell,1,65,2024-06-01T10:10:51.000+00:00
sell,1,58,2024-06-01T11:03:09.000+00:00
sell,2,60,2024-06-01T11:14:32.000+00:00
sell,1,60,2024-06-01T13:25:21.000+00:00
sell,2,100,2024-06-01T13:32:24.000+00:00
sell,1,60,2024-06-01T13:50:23.000+00:00
sell,1,60,2024-06-01T14:47:59.000+00:00
sell,4,65,2024-06-01T14:52:53.000+00:00
sell,1,60,2024-06-01T15:09:32.000+00:00
sell,1,60,2024-06-01T15:59:31.000+00:00
sell,1,65,2024-06-01T16:24:31.000+00:00
sell,1,110,2024-06-01T16:32:59.000+00:00
sell,1,60,2024-06-01T16:39:46.000+00:00
sell,1,68,2024-06-01T17:26:52.000+00:00
sell,1,66,2024-06-01T17:48:45.000+00:00
sell,1,59,2024-06-01T18:06:10.000+00:00
sell,1,59,2024-06-01T18:28:39.000+00:00
sell,1,58,2024-06-01T18:57:42.000+00:00
sell,1,65,2024-06-01T19:12:36.000+00:00
sell,1,100,2024-06-01T20:02:35.000+00:00
sell,1,57,2024-06-01T20:55:33.000+00:00
sell,3,60,2024-06-01T21:24:12.000+00:00
sell,1,120,2024-06-01T21:32:00.000+00:00
sell,1,55,2024-06-01T21:38:22.000+00:00
sell,1,75,2024-06-01T22:15:39.000+00:00
sell,1,80,2024-06-01T23:35:50.000+00:00
sell,1,70,2024-06-02T00:17:40.000+00:00
sell,1,70,2024-06-02T00:30:45.000+00:00
sell,1,80,2024-06-02T00:35:27.000+00:00
sell,1,64,2024-06-02T01:53:00.000+00:00
sell,1,63,2024-06-02T02:21:36.000+00:00
sell,3,64,2024-06-02T02:29:17.000+00:00
sell,1,70,2024-06-02T03:42:10.000+00:00
sell,1,60,2024-06-02T03:56:53.000+00:00
sell,1,55,2024-06-02T04:10:50.000+00:00
sell,1,100,2024-06-02T04:17:58.000+00:00
sell,1,65,2024-06-02T04:36:29.000+00:00
sell,1,59,2024-06-02T04:46:19.000+00:00
buy,12,41,2024-06-02T05:51:12.000+00:00
sell,1,70,2024-06-02T06:20:49.000+00:00
sell,1,59,2024-06-02T07:12:37.000+00:00
sell,2,65,2024-06-02T07:30:56.000+00:00
buy,1,40,2024-06-02T09:13:23.000+00:00
sell,1,60,2024-06-02T10:04:53.000+00:00
sell,1,55,2024-06-02T10:23:38.000+00:00
sell,1,55,2024-06-02T10:29:35.000+00:00
buy,1,46,2024-06-02T10:37:45.000+00:00
sell,1,59,2024-06-02T11:37:28.000+00:00
sell,1,65,2024-06-02T11:50:57.000+00:00
sell,1,65,2024-06-02T13:20:28.000+00:00
sell,1,60,2024-06-02T13:36:56.000+00:00
sell,1,70,2024-06-02T14:05:01.000+00:00
sell,1,69,2024-06-02T15:35:37.000+00:00
sell,5,60,2024-06-02T15:48:52.000+00:00
sell,1,60,2024-06-02T15:57:00.000+00:00
buy,1,50,2024-06-02T16:07:20.000+00:00
sell,1,80,2024-06-02T16:09:44.000+00:00
sell,1,65,2024-06-02T16:16:49.000+00:00
sell,1,58,2024-06-02T16:27:32.000+00:00
sell,1,60,2024-06-02T18:09:34.000+00:00
sell,1,60,2024-06-02T18:35:06.000+00:00
sell,2,60,2024-06-02T19:13:10.000+00:00
sell,1,65,2024-06-02T19:15:10.000+00:00
sell,1,58,2024-06-02T20:46:52.000+00:00
buy,1,45,2024-06-02T21:22:18.000+00:00
sell,1,65,2024-06-02T21:28:59.000+00:00
sell,1,60,2024-06-02T23:01:46.000+00:00
sell,1,60,2024-06-02T23:57:53.000+00:00
sell,1,70,2024-06-03T02:21:01.000+00:00
sell,1,69,2024-06-03T02:29:32.000+00:00
sell,1,55,2024-06-03T03:24:59.000+00:00
sell,20,80,2024-06-03T03:53:13.000+00:00
sell,1,65,2024-06-03T04:28:45.000+00:00
sell,1,60,2024-06-03T04:49:25.000+00:00
sell,1,80,2024-06-03T05:12:43.000+00:00
sell,1,100,2024-06-03T05:46:31.000+00:00
sell,1,58,2024-06-03T07:16:48.000+00:00
sell,1,60,2024-06-03T10:48:01.000+00:00
sell,1,60,2024-06-03T10:53:27.000+00:00
sell,1,70,2024-06-03T11:03:32.000+00:00
sell,1,60,2024-06-03T11:08:24.000+00:00
sell,1,65,2024-06-03T11:42:26.000+00:00
buy,1,44,2024-06-03T12:03:47.000+00:00
sell,1,60,2024-06-03T13:40:18.000+00:00
sell,1,63,2024-06-03T14:25:32.000+00:00
sell,1,59,2024-06-03T14:40:46.000+00:00
sell,4,60,2024-06-03T14:54:33.000+00:00
sell,2,65,2024-06-03T15:22:35.000+00:00
sell,1,59,2024-06-03T15:54:30.000+00:00
sell,1,60,2024-06-03T16:14:25.000+00:00
sell,1,60,2024-06-03T16:38:29.000+00:00
sell,1,80,2024-06-03T17:12:56.000+00:00
sell,1,60,2024-06-03T17:26:24.000+00:00
sell,1,70,2024-06-03T17:46:08.000+00:00
sell,1,60,2024-06-03T17:46:54.000+00:00
sell,1,70,2024-06-03T17:55:59.000+00:00
sell,1,70,2024-06-03T18:16:49.000+00:00
buy,1,45,2024-06-03T19:02:08.000+00:00
buy,1,50,2024-06-03T19:43:29.000+00:00
