quantity,order_type,platinum,creation_date
1,sell,100,2019-10-22T09:47:40.000+00:00
1,sell,150,2019-12-01T01:40:48.000+00:00
1,sell,90,2019-12-23T13:12:15.000+00:00
1,sell,70,2020-01-14T11:12:15.000+00:00
1,sell,100,2020-01-15T11:58:15.000+00:00
40,sell,100,2020-02-15T16:55:12.000+00:00
1,sell,65,2020-02-21T05:44:54.000+00:00
1,sell,70,2020-03-20T11:59:21.000+00:00
4,sell,80,2020-03-22T19:12:31.000+00:00
1,sell,150,2020-04-19T14:46:23.000+00:00
2,sell,80,2020-04-22T00:57:12.000+00:00
1,sell,80,2020-04-24T20:06:16.000+00:00
5,sell,99,2020-04-30T16:33:20.000+00:00
9,sell,195,2020-05-24T05:12:45.000+00:00
6,sell,250,2020-06-07T17:35:26.000+00:00
1,sell,60,2020-06-11T16:26:48.000+00:00
2,sell,69,2020-06-20T03:39:15.000+00:00
1,sell,70,2020-06-25T16:54:43.000+00:00
1,sell,60,2020-06-30T12:14:57.000+00:00
2,sell,60,2020-07-31T23:39:30.000+00:00
1,sell,85,2020-08-01T09:35:03.000+00:00
1,sell,80,2020-09-02T16:29:15.000+00:00
3,sell,70,2020-09-06T05:31:36.000+00:00
1,sell,90,2020-09-27T20:04:17.000+00:00
10,sell,80,2020-09-28T00:43:08.000+00:00
3,sell,90,2020-09-30T10:41:21.000+00:00
1,sell,125,2020-10-11T17:54:04.000+00:00
1,sell,100,2020-10-29T02:34:48.000+00:00
1,sell,60,2020-10-30T02:24:35.000+00:00
2,sell,75,2020-11-24T10:26:09.000+00:00
14,sell,80,2020-12-15T10:22:42.000+00:00
10,sell,65,2020-12-24T12:21:28.000+00:00
2,sell,99,2020-12-25T17:44:44.000+00:00
1,sell,100,2021-01-22T17:25:03.000+00:00
10,sell,60,2021-02-24T11:15:00.000+00:00
1,sell,149,2021-03-12T17:52:24.000+00:00
1,sell,100,2021-03-16T23:12:01.000+00:00
3,sell,75,2021-04-18T15:05:03.000+00:00
28,sell,99,2021-04-23T20:07:35.000+00:00
2,sell,72,2021-04-26T16:30:32.000+00:00
1,sell,65,2021-05-01T02:40:44.000+00:00
1,sell,70,2021-05-13T12:33:46.000+00:00
1,sell,72,2021-05-18T14:44:32.000+00:00
2,sell,60,2021-05-28T16:09:40.000+00:00
7,sell,75,2021-06-01T11:25:58.000+00:00
1,sell,120,2021-06-09T11:13:58.000+00:00
1,sell,75,2021-06-16T02:18:18.000+00:00
1,buy,40,2021-07-04T09:23:49.000+00:00
9,sell,119,2021-07-14T01:34:04.000+00:00
7,sell,100,2021-07-14T07:12:35.000+00:00
2,sell,69,2021-08-07T13:13:26.000+00:00
2,sell,120,2021-08-11T09:08:37.000+00:00
1,sell,100,2021-08-21T13:08:41.000+00:00
1,sell,150,2021-09-02T12:48:52.000+00:00
4,sell,99,2021-09-05T19:10:59.000+00:00
5,buy,35,2021-09-09T03:40:21.000+00:00
5,sell,100,2021-09-11T16:02:41.000+00:00
2,sell,120,2021-09-25T01:05:55.000+00:00
3,sell,80,2021-09-25T03:16:57.000+00:00
10,sell,100,2021-10-12T23:44:19.000+00:00
3,sell,60,2021-10-21T13:03:43.000+00:00
6,sell,120,2021-10-27T03:05:22.000+00:00
7,sell,80,2021-11-11T14:26:16.000+00:00
2,sell,79,2021-11-30T23:53:18.000+00:00
2,sell,99,2021-12-08T23:12:42.000+00:00
1,sell,100,2021-12-11T06:48:32.000+00:00
1,sell,100,2021-12-23T01:17:29.000+00:00
3,sell,80,2021-12-25T09:00:03.000+00:00
1,sell,100,2021-12-28T09:12:45.000+00:00
1,sell,67,2022-01-05T16:44:45.000+00:00
28,sell,250,2022-01-07T20:39:18.000+00:00
1,sell,70,2022-01-13T01:38:42.000+00:00
7,sell,100,2022-01-19T15:40:32.000+00:00
1,sell,149,2022-01-21T07:25:33.000+00:00
1,sell,69,2022-01-24T10:46:11.000+00:00
9,sell,90,2022-02-06T07:39:00.000+00:00
2,sell,65,2022-02-16T00:52:54.000+00:00
10,sell,70,2022-02-16T17:31:32.000+00:00
2,sell,120,2022-02-20T21:51:11.000+00:00
9,sell,200,2022-02-26T09:01:22.000+00:00
6,buy,5,2022-03-02T03:55:34.000+00:00
2,sell,70,2022-03-13T04:46:14.000+00:00
1,sell,65,2022-03-15T16:57:48.000+00:00
1,sell,150,2022-03-15T20:29:49.000+00:00
23,sell,150,2022-03-17T02:03:29.000+00:00
5,sell,65,2022-03-26T08:44:32.000+00:00
29,sell,150,2022-03-28T23:56:09.000+00:00
1,sell,79,2022-04-03T08:40:23.000+00:00
3,sell,80,2022-04-05T09:10:12.000+00:00
17,sell,65,2022-04-08T22:52:09.000+00:00
3,sell,80,2022-04-12T15:42:02.000+00:00
7,sell,70,2022-04-13T22:28:09.000+00:00
1,sell,300,2022-04-18T03:48:26.000+00:00
1,sell,90,2022-04-20T21:42:09.000+00:00
3,sell,70,2022-05-18T10:01:11.000+00:00
12,buy,30,2022-06-15T06:55:53.000+00:00
1,sell,80,2022-06-30T17:04:15.000+00:00
3,sell,80,2022-07-08T14:13:25.000+00:00
12,sell,68,2022-07-12T02:48:49.000+00:00
97,buy,32,2022-07-12T20:04:33.000+00:00
1,sell,70,2022-07-18T02:46:12.000+00:00
130,sell,80,2022-07-18T08:32:19.000+00:00
3,sell,64,2022-07-23T15:57:58.000+00:00
1,sell,65,2022-07-24T10:59:55.000+00:00
1,sell,65,2022-07-25T13:51:17.000+00:00
1,sell,70,2022-07-25T14:57:39.000+00:00
4,sell,69,2022-07-30T13:24:54.000+00:00
2,sell,68,2022-07-30T19:03:35.000+00:00
1,sell,64,2022-08-07T02:29:10.000+00:00
3,sell,90,2022-08-10T03:55:42.000+00:00
1,sell,150,2022-08-14T12:16:16.000+00:00
3,sell,99,2022-08-15T22:26:59.000+00:00
1,sell,250,2022-08-21T02:00:56.000+00:00
1,sell,122,2022-08-30T13:42:15.000+00:00
1,sell,89,2022-08-31T13:54:54.000+00:00
3,sell,65,2022-09-01T00:17:59.000+00:00
14,sell,100,2022-09-13T04:34:59.000+00:00
21,sell,80,2022-09-23T11:18:45.000+00:00
1,sell,100,2022-09-28T13:10:33.000+00:00
1,sell,90,2022-09-30T11:07:40.000+00:00
1,sell,100,2022-10-03T16:25:34.000+00:00
3,sell,99,2022-10-21T17:04:37.000+00:00
1,sell,100,2022-10-21T17:58:57.000+00:00
1,sell,90,2022-10-21T22:27:51.000+00:00
3,sell,125,2022-10-23T09:20:11.000+00:00
2,sell,70,2022-11-18T14:11:19.000+00:00
4,sell,120,2022-11-23T12:52:59.000+00:00
24,sell,100,2022-11-25T12:55:15.000+00:00
5,sell,65,2022-11-25T17:24:36.000+00:00
6,sell,190,2022-11-27T05:06:49.000+00:00
1,sell,80,2022-12-13T13:53:01.000+00:00
2,sell,60,2022-12-16T10:48:59.000+00:00
1,sell,80,2022-12-24T13:03:24.000+00:00
1,sell,99,2022-12-27T15:31:43.000+00:00
2,sell,99,2022-12-29T19:46:59.000+00:00
1,sell,70,2023-01-02T19:47:00.000+00:00
5,sell,60,2023-01-04T10:42:03.000+00:00
1,buy,20,2023-01-19T08:04:28.000+00:00
1,sell,100,2023-02-04T20:33:34.000+00:00
10,buy,25,2023-02-05T18:38:58.000+00:00
1,sell,75,2023-02-06T12:45:22.000+00:00
100,buy,15,2023-02-19T17:41:24.000+00:00
1,sell,64,2023-02-24T04:50:50.000+00:00
1,sell,165,2023-03-03T07:03:53.000+00:00
2,sell,100,2023-03-05T15:49:39.000+00:00
3,sell,70,2023-03-08T15:32:39.000+00:00
3,sell,100,2023-03-18T08:45:14.000+00:00
4,sell,80,2023-03-19T14:59:40.000+00:00
1,sell,80,2023-03-24T09:30:29.000+00:00
3,sell,80,2023-03-26T10:51:13.000+00:00
1,sell,70,2023-03-31T23:55:54.000+00:00
3,sell,110,2023-04-01T14:02:25.000+00:00
1,sell,75,2023-04-04T12:52:51.000+00:00
155,sell,100,2023-04-07T06:56:41.000+00:00
1,sell,100,2023-04-15T08:17:54.000+00:00
1,sell,120,2023-04-15T18:35:15.000+00:00
1,sell,120,2023-04-15T23:07:38.000+00:00
2,sell,75,2023-04-20T18:28:29.000+00:00
4,sell,80,2023-04-21T21:01:43.000+00:00
1,sell,70,2023-04-29T17:18:07.000+00:00
4,sell,100,2023-05-07T12:47:34.000+00:00
10,sell,119,2023-05-08T16:57:04.000+00:00
3,sell,65,2023-05-10T01:08:50.000+00:00
2,sell,75,2023-05-10T14:48:38.000+00:00
1,sell,70,2023-05-11T20:34:59.000+00:00
2,sell,69,2023-05-20T03:45:31.000+00:00
1,sell,70,2023-05-20T07:54:34.000+00:00
1,sell,80,2023-05-23T09:17:37.000+00:00
1,sell,80,2023-05-27T20:18:05.000+00:00
1,sell,65,2023-06-03T03:33:22.000+00:00
1,sell,350,2023-06-04T23:23:11.000+00:00
1,sell,125,2023-06-09T17:46:19.000+00:00
6,sell,100,2023-06-12T11:04:29.000+00:00
1,sell,300,2023-06-12T22:05:28.000+00:00
6,sell,70,2023-06-18T08:20:42.000+00:00
9,sell,150,2023-06-23T21:56:34.000+00:00
1,sell,100,2023-06-25T10:44:01.000+00:00
9,sell,80,2023-06-25T11:51:53.000+00:00
1,buy,46,2023-06-30T20:37:07.000+00:00
4,sell,99,2023-07-03T07:44:27.000+00:00
3,sell,70,2023-07-05T03:39:17.000+00:00
1,sell,90,2023-07-11T16:41:35.000+00:00
1,sell,70,2023-07-11T22:52:00.000+00:00
1,sell,250,2023-07-17T12:41:52.000+00:00
100,sell,65,2023-07-19T09:47:50.000+00:00
2,sell,79,2023-07-21T03:28:09.000+00:00
1,sell,58,2023-07-22T11:16:06.000+00:00
1,sell,180,2023-07-23T05:10:00.000+00:00
1,sell,80,2023-07-24T03:35:41.000+00:00
1,sell,70,2023-07-28T19:54:59.000+00:00
3,sell,100,2023-07-29T12:04:41.000+00:00
1,sell,75,2023-07-31T13:30:43.000+00:00
1,sell,60,2023-08-04T19:18:42.000+00:00
2,sell,80,2023-08-12T07:38:44.000+00:00
1,sell,300,2023-08-14T06:51:17.000+00:00
1,sell,55,2023-08-18T04:08:13.000+00:00
1,sell,160,2023-08-23T00:57:44.000+00:00
9,sell,250,2023-08-25T23:07:50.000+00:00
1,sell,150,2023-09-02T06:39:19.000+00:00
5,buy,36,2023-09-08T23:56:04.000+00:00
1,sell,80,2023-09-09T15:04:12.000+00:00
1,sell,80,2023-09-09T16:02:00.000+00:00
1,sell,62,2023-09-10T10:21:44.000+00:00
1,sell,100,2023-09-17T08:09:45.000+00:00
3,sell,64,2023-09-18T15:45:45.000+00:00
1,sell,70,2023-09-23T15:09:04.000+00:00
1,sell,64,2023-09-24T05:12:39.000+00:00
4,sell,100,2023-09-24T21:25:09.000+00:00
2,sell,70,2023-09-25T19:17:47.000+00:00
1,sell,100,2023-09-27T01:43:52.000+00:00
1,sell,67,2023-09-27T04:34:09.000+00:00
1,sell,300,2023-09-30T19:04:28.000+00:00
1,sell,70,2023-10-01T11:43:49.000+00:00
2,sell,70,2023-10-03T10:51:04.000+00:00
1,sell,70,2023-10-03T16:52:55.000+00:00
99,buy,45,2023-10-03T22:20:27.000+00:00
1,sell,96,2023-10-05T11:32:38.000+00:00
2,sell,65,2023-10-11T04:46:54.000+00:00
6,sell,80,2023-10-12T14:33:55.000+00:00
4,sell,100,2023-10-14T13:53:34.000+00:00
3,sell,80,2023-10-18T08:36:21.000+00:00
22,sell,100,2023-10-21T09:55:07.000+00:00
1,sell,70,2023-10-24T17:52:21.000+00:00
13,sell,69,2023-10-30T00:04:05.000+00:00
1,sell,69,2023-10-30T02:50:41.000+00:00
1,sell,70,2023-10-31T05:23:28.000+00:00
1,sell,59,2023-11-04T15:06:04.000+00:00
1,sell,90,2023-11-04T19:32:26.000+00:00
1,sell,125,2023-11-05T00:40:59.000+00:00
1,sell,100,2023-11-05T22:00:00.000+00:00
1,sell,90,2023-11-06T05:56:31.000+00:00
5,sell,80,2023-11-16T00:53:13.000+00:00
1,sell,80,2023-11-17T16:02:25.000+00:00
10,sell,63,2023-11-18T03:00:29.000+00:00
2,sell,95,2023-11-18T15:10:02.000+00:00
1,sell,60,2023-11-19T06:28:22.000+00:00
1,sell,50,2023-11-20T03:11:22.000+00:00
1,buy,45,2023-11-21T06:52:09.000+00:00
3,sell,80,2023-11-22T00:36:30.000+00:00
7,sell,100,2023-11-22T11:15:58.000+00:00
12,buy,25,2023-11-24T21:07:46.000+00:00
1,sell,70,2023-11-25T09:03:18.000+00:00
1,sell,70,2023-11-25T12:56:46.000+00:00
3,sell,100,2023-11-28T00:03:58.000+00:00
6,sell,70,2023-12-01T04:42:54.000+00:00
1,sell,75,2023-12-02T04:10:41.000+00:00
1,sell,70,2023-12-03T09:07:26.000+00:00
4,sell,100,2023-12-04T17:18:25.000+00:00
1,sell,70,2023-12-10T02:51:54.000+00:00
5,sell,200,2023-12-10T13:33:50.000+00:00
2,sell,70,2023-12-12T15:00:13.000+00:00
3,sell,65,2023-12-15T14:52:37.000+00:00
1,sell,85,2023-12-16T11:22:19.000+00:00
2,sell,100,2023-12-16T17:58:42.000+00:00
1,sell,115,2023-12-20T07:03:54.000+00:00
6,sell,400,2023-12-21T21:42:35.000+00:00
3,sell,350,2023-12-21T21:52:43.000+00:00
1,sell,70,2023-12-22T03:16:53.000+00:00
1,sell,100,2023-12-24T03:16:52.000+00:00
10,sell,78,2023-12-25T03:05:16.000+00:00
6,sell,70,2023-12-28T05:31:23.000+00:00
5,sell,200,2023-12-28T16:48:32.000+00:00
1,sell,80,2024-01-01T18:24:52.000+00:00
1,sell,70,2024-01-01T20:05:02.000+00:00
5,sell,100,2024-01-05T19:37:13.000+00:00
1,sell,200,2024-01-07T05:44:54.000+00:00
1,sell,100,2024-01-08T22:36:21.000+00:00
1,sell,80,2024-01-09T21:05:04.000+00:00
1,sell,70,2024-01-11T03:49:05.000+00:00
2,sell,80,2024-01-11T06:02:30.000+00:00
1,sell,90,2024-01-12T00:08:26.000+00:00
8,sell,79,2024-01-15T15:11:04.000+00:00
1,sell,70,2024-01-16T20:54:25.000+00:00
13,sell,80,2024-01-19T01:17:51.000+00:00
1,sell,67,2024-01-20T04:37:43.000+00:00
2,sell,100,2024-01-20T10:42:03.000+00:00
5,sell,70,2024-01-20T17:05:26.000+00:00
1,sell,70,2024-01-21T19:01:52.000+00:00
1,sell,70,2024-01-23T03:01:44.000+00:00
1,sell,80,2024-01-23T15:00:09.000+00:00
1,sell,75,2024-01-24T01:54:45.000+00:00
1,sell,100,2024-01-24T16:49:04.000+00:00
2,sell,95,2024-01-25T18:00:15.000+00:00
1,sell,70,2024-01-25T21:07:54.000+00:00
1,sell,75,2024-01-26T23:22:37.000+00:00
1,sell,69,2024-01-27T03:01:53.000+00:00
2,sell,80,2024-01-27T06:33:34.000+00:00
1,sell,75,2024-01-28T08:14:06.000+00:00
1,sell,80,2024-01-28T17:48:29.000+00:00
1,sell,75,2024-01-29T18:57:16.000+00:00
38,buy,50,2024-01-30T03:17:17.000+00:00
1,buy,40,2024-02-01T08:15:48.000+00:00
1,sell,100,2024-02-03T13:38:15.000+00:00
1,sell,100,2024-02-04T14:18:51.000+00:00
1,buy,41,2024-02-04T16:55:16.000+00:00
2,sell,79,2024-02-04T23:57:16.000+00:00
1,sell,100,2024-02-05T19:45:11.000+00:00
1,sell,80,2024-02-05T21:07:38.000+00:00
4,buy,45,2024-02-05T23:57:18.000+00:00
1,sell,70,2024-02-06T18:03:34.000+00:00
1,sell,69,2024-02-07T13:12:11.000+00:00
3,sell,75,2024-02-09T02:05:24.000+00:00
2,sell,75,2024-02-09T05:22:04.000+00:00
1,sell,100,2024-02-11T01:23:19.000+00:00
1,sell,90,2024-02-12T05:23:58.000+00:00
1,sell,71,2024-02-12T18:09:07.000+00:00
1,sell,80,2024-02-13T05:59:11.000+00:00
1,sell,60,2024-02-14T02:26:10.000+00:00
1,sell,150,2024-02-15T20:07:21.000+00:00
1,sell,65,2024-02-17T05:00:21.000+00:00
1,sell,89,2024-02-17T23:43:07.000+00:00
2,sell,80,2024-02-19T15:29:03.000+00:00
2,sell,68,2024-02-19T16:02:42.000+00:00
5,sell,70,2024-02-19T17:41:01.000+00:00
1,sell,70,2024-02-20T14:54:22.000+00:00
1,sell,70,2024-02-21T10:10:03.000+00:00
1,sell,90,2024-02-21T18:17:28.000+00:00
1,sell,100,2024-02-22T12:37:08.000+00:00
1,sell,100,2024-02-23T13:39:32.000+00:00
2,sell,64,2024-02-27T15:28:53.000+00:00
1,sell,65,2024-02-28T06:36:44.000+00:00
1,sell,70,2024-02-29T08:06:29.000+00:00
1,sell,120,2024-03-01T03:47:40.000+00:00
2,sell,80,2024-03-01T12:45:03.000+00:00
1,sell,70,2024-03-01T18:21:30.000+00:00
1,sell,65,2024-03-01T20:01:17.000+00:00
222,buy,22,2024-03-02T08:25:06.000+00:00
5,sell,70,2024-03-03T09:48:45.000+00:00
1,sell,98,2024-03-03T13:24:12.000+00:00
1,sell,80,2024-03-03T21:16:24.000+00:00
1,buy,35,2024-03-06T14:49:05.000+00:00
1,buy,40,2024-03-07T10:31:21.000+00:00
2,sell,79,2024-03-07T20:39:17.000+00:00
1,sell,68,2024-03-07T21:10:03.000+00:00
1,sell,70,2024-03-08T09:22:47.000+00:00
1,sell,70,2024-03-08T23:17:27.000+00:00
1,sell,150,2024-03-09T09:21:42.000+00:00
1,buy,36,2024-03-09T19:47:12.000+00:00
2,sell,80,2024-03-10T08:28:31.000+00:00
1,sell,60,2024-03-10T10:35:03.000+00:00
1,sell,70,2024-03-10T19:51:55.000+00:00
1,sell,69,2024-03-10T22:31:22.000+00:00
1,sell,75,2024-03-11T12:20:54.000+00:00
1,sell,75,2024-03-12T13:05:04.000+00:00
1,sell,130,2024-03-13T05:04:42.000+00:00
10,sell,150,2024-03-13T13:27:11.000+00:00
1,sell,69,2024-03-14T16:12:46.000+00:00
1,sell,85,2024-03-14T19:18:04.000+00:00
1,sell,70,2024-03-15T15:47:01.000+00:00
2,sell,75,2024-03-15T20:28:18.000+00:00
1,sell,100,2024-03-15T22:26:15.000+00:00
1,sell,70,2024-03-16T16:18:32.000+00:00
3,sell,100,2024-03-16T19:47:26.000+00:00
1,buy,35,2024-03-17T03:17:17.000+00:00
10,buy,40,2024-03-17T10:40:12.000+00:00
1,sell,70,2024-03-18T15:03:10.000+00:00
2,sell,70,2024-03-18T15:19:18.000+00:00
1,sell,80,2024-03-18T19:53:19.000+00:00
1,sell,98,2024-03-19T06:54:05.000+00:00
8,sell,70,2024-03-19T10:37:50.000+00:00
1,sell,80,2024-03-19T21:06:57.000+00:00
1,sell,100,2024-03-19T22:25:33.000+00:00
1,sell,100,2024-03-20T14:20:09.000+00:00
1,sell,75,2024-03-20T16:30:27.000+00:00
1,sell,70,2024-03-21T02:11:23.000+00:00
1,sell,80,2024-03-21T07:19:32.000+00:00
1,sell,75,2024-03-22T15:50:00.000+00:00
1,sell,80,2024-03-23T00:13:38.000+00:00
1,sell,75,2024-03-23T11:34:08.000+00:00
1,sell,80,2024-03-24T05:04:57.000+00:00
1,sell,80,2024-03-25T18:56:45.000+00:00
22,sell,100,2024-03-26T02:21:36.000+00:00
1,sell,75,2024-03-26T09:06:20.000+00:00
1,sell,75,2024-03-27T03:30:48.000+00:00
1,sell,70,2024-03-27T06:29:54.000+00:00
1,sell,65,2024-03-28T16:38:40.000+00:00
1,sell,70,2024-03-28T23:28:17.000+00:00
3,sell,70,2024-03-29T09:39:41.000+00:00
1,sell,70,2024-03-29T13:03:59.000+00:00
11,sell,100,2024-03-30T06:18:26.000+00:00
1,sell,70,2024-03-30T13:01:14.000+00:00
1,sell,65,2024-03-30T16:45:18.000+00:00
3,sell,70,2024-03-30T21:03:49.000+00:00
1,buy,41,2024-03-31T07:48:28.000+00:00
1,sell,65,2024-03-31T08:58:13.000+00:00
1,sell,65,2024-03-31T14:34:13.000+00:00
3,sell,73,2024-03-31T23:00:59.000+00:00
2,sell,70,2024-04-01T05:25:59.000+00:00
1,sell,65,2024-04-01T10:58:58.000+00:00
1,sell,65,2024-04-01T13:57:22.000+00:00
1,sell,120,2024-04-01T16:19:08.000+00:00
1,sell,65,2024-04-01T18:08:38.000+00:00
10,sell,60,2024-04-01T20:55:51.000+00:00
1,sell,75,2024-04-02T00:14:57.000+00:00
1,buy,40,2024-04-02T16:38:56.000+00:00
1,sell,70,2024-04-03T08:09:55.000+00:00
2,sell,80,2024-04-03T12:54:27.000+00:00
1,sell,75,2024-04-03T13:05:04.000+00:00
2,sell,70,2024-04-03T19:40:33.000+00:00
1,sell,69,2024-04-04T01:33:20.000+00:00
1,sell,65,2024-04-04T20:25:43.000+00:00
1,sell,80,2024-04-05T09:14:25.000+00:00
1,buy,40,2024-04-05T23:36:42.000+00:00
1,sell,65,2024-04-06T01:31:20.000+00:00
1,sell,70,2024-04-06T10:54:01.000+00:00
2,sell,70,2024-04-06T19:24:21.000+00:00
1,buy,30,2024-04-06T20:43:06.000+00:00
1,sell,65,2024-04-07T07:29:47.000+00:00
1,sell,130,2024-04-07T15:25:24.000+00:00
6,sell,100,2024-04-08T02:19:05.000+00:00
3,sell,120,2024-04-08T08:53:15.000+00:00
1,sell,65,2024-04-09T12:39:51.000+00:00
1,sell,98,2024-04-09T12:54:45.000+00:00
1,sell,80,2024-04-10T13:37:30.000+00:00
1,sell,90,2024-04-10T17:08:41.000+00:00
1,sell,65,2024-04-10T19:21:41.000+00:00
1,sell,80,2024-04-11T14:15:33.000+00:00
1,sell,70,2024-04-11T17:37:58.000+00:00
1,sell,68,2024-04-12T01:11:00.000+00:00
2,sell,100,2024-04-12T11:00:32.000+00:00
3,sell,75,2024-04-12T12:15:13.000+00:00
1,buy,35,2024-04-12T12:20:26.000+00:00
1,sell,60,2024-04-12T18:01:58.000+00:00
1,sell,65,2024-04-13T08:01:44.000+00:00
1,sell,75,2024-04-13T08:07:58.000+00:00
1,sell,77,2024-04-13T20:56:26.000+00:00
1,sell,70,2024-04-13T21:41:36.000+00:00
2,sell,70,2024-04-14T07:25:41.000+00:00
1,sell,70,2024-04-14T11:54:06.000+00:00
1,sell,80,2024-04-14T19:48:42.000+00:00
2,sell,70,2024-04-14T23:41:00.000+00:00
1,sell,100,2024-04-15T05:13:11.000+00:00
1,sell,85,2024-04-15T11:36:24.000+00:00
1,sell,70,2024-04-16T01:45:45.000+00:00
1,sell,70,2024-04-16T01:50:02.000+00:00
2,sell,80,2024-04-17T01:29:26.000+00:00
1,buy,31,2024-04-17T10:20:31.000+00:00
2,sell,75,2024-04-18T21:10:28.000+00:00
2,sell,69,2024-04-18T22:16:30.000+00:00
1,sell,75,2024-04-19T13:10:30.000+00:00
1,sell,70,2024-04-19T13:27:17.000+00:00
1,sell,75,2024-04-19T13:35:44.000+00:00
1,sell,90,2024-04-19T15:32:52.000+00:00
1,sell,70,2024-04-19T20:18:47.000+00:00
13,sell,75,2024-04-20T03:29:19.000+00:00
1,sell,75,2024-04-20T05:34:56.000+00:00
1,sell,75,2024-04-20T05:56:42.000+00:00
1,sell,73,2024-04-20T05:56:52.000+00:00
1,sell,70,2024-04-20T07:29:52.000+00:00
1,sell,69,2024-04-21T00:13:07.000+00:00
2,sell,70,2024-04-21T06:56:32.000+00:00
4,sell,70,2024-04-21T11:13:25.000+00:00
1,sell,80,2024-04-22T15:44:12.000+00:00
1,buy,45,2024-04-22T16:41:06.000+00:00
1,sell,100,2024-04-22T17:30:27.000+00:00
1,sell,75,2024-04-22T17:53:57.000+00:00
1,sell,73,2024-04-22T22:39:09.000+00:00
1,sell,70,2024-04-23T03:08:15.000+00:00
2,sell,100,2024-04-23T10:35:47.000+00:00
1,sell,120,2024-04-23T11:14:01.000+00:00
5,buy,50,2024-04-24T03:49:23.000+00:00
3,sell,70,2024-04-24T05:31:00.000+00:00
1,sell,70,2024-04-24T10:19:51.000+00:00
1,sell,75,2024-04-24T17:51:05.000+00:00
5,sell,74,2024-04-24T22:51:02.000+00:00
1,sell,70,2024-04-25T02:43:12.000+00:00
2,sell,85,2024-04-25T16:25:36.000+00:00
1,sell,120,2024-04-26T03:46:39.000+00:00
2,sell,80,2024-04-26T12:01:52.000+00:00
1,buy,40,2024-04-26T12:19:23.000+00:00
9,sell,65,2024-04-26T20:01:52.000+00:00
1,sell,70,2024-04-26T23:59:32.000+00:00
1,sell,70,2024-04-27T08:04:03.000+00:00
1,sell,65,2024-04-27T20:15:00.000+00:00
1,sell,100,2024-04-28T11:43:55.000+00:00
1,sell,75,2024-04-28T14:55:56.000+00:00
2,sell,70,2024-04-28T15:00:37.000+00:00
2,sell,70,2024-04-28T15:25:04.000+00:00
10,buy,43,2024-04-28T18:20:24.000+00:00
1,sell,60,2024-04-29T05:24:27.000+00:00
1,sell,70,2024-04-29T06:29:38.000+00:00
1,sell,69,2024-04-29T13:06:34.000+00:00
999,buy,41,2024-04-29T18:49:27.000+00:00
1,sell,69,2024-04-29T23:29:33.000+00:00
1,sell,72,2024-04-29T23:46:36.000+00:00
1,sell,89,2024-04-30T00:34:38.000+00:00
1,sell,75,2024-04-30T02:36:21.000+00:00
1,sell,70,2024-04-30T08:27:24.000+00:00
1,sell,63,2024-04-30T10:59:52.000+00:00
1,sell,65,2024-04-30T16:41:38.000+00:00
3,sell,65,2024-04-30T23:55:54.000+00:00
1,sell,80,2024-05-01T00:19:44.000+00:00
1,sell,80,2024-05-01T00:22:50.000+00:00
1,sell,70,2024-05-01T01:22:32.000+00:00
1,sell,65,2024-05-01T08:26:52.000+00:00
1,sell,80,2024-05-01T11:22:04.000+00:00
1,sell,90,2024-05-01T22:35:02.000+00:00
1,sell,70,2024-05-02T11:34:02.000+00:00
1,sell,80,2024-05-02T13:10:06.000+00:00
1,sell,56,2024-05-02T13:30:28.000+00:00
1,sell,65,2024-05-02T20:24:06.000+00:00
1,sell,70,2024-05-03T00:14:44.000+00:00
1,sell,70,2024-05-03T05:03:14.000+00:00
1,sell,90,2024-05-03T12:10:24.000+00:00
1,sell,60,2024-05-03T13:17:28.000+00:00
2,sell,70,2024-05-03T14:22:10.000+00:00
1,sell,70,2024-05-03T19:49:34.000+00:00
1,sell,70,2024-05-03T19:59:54.000+00:00
1,sell,60,2024-05-03T20:12:59.000+00:00
1,sell,60,2024-05-03T21:08:45.000+00:00
1,buy,45,2024-05-03T23:10:01.000+00:00
1,sell,70,2024-05-04T03:03:55.000+00:00
10,buy,35,2024-05-04T08:55:13.000+00:00
12,sell,70,2024-05-04T14:28:08.000+00:00
1,sell,70,2024-05-04T16:34:24.000+00:00
1,sell,75,2024-05-04T16:49:16.000+00:00
3,sell,70,2024-05-04T17:33:39.000+00:00
5,sell,65,2024-05-04T19:50:04.000+00:00
1,sell,60,2024-05-04T21:58:31.000+00:00
1,sell,100,2024-05-04T22:46:33.000+00:00
4,sell,70,2024-05-05T00:56:07.000+00:00
1,sell,65,2024-05-05T05:16:48.000+00:00
2,sell,64,2024-05-05T07:10:06.000+00:00
2,sell,70,2024-05-05T11:37:27.000+00:00
1,sell,70,2024-05-05T12:59:36.000+00:00
1,sell,70,2024-05-05T13:17:31.000+00:00
1,buy,40,2024-05-05T14:58:44.000+00:00
1,sell,150,2024-05-05T15:00:26.000+00:00
1,sell,70,2024-05-05T17:34:37.000+00:00
1,buy,45,2024-05-06T02:27:10.000+00:00
1,sell,60,2024-05-06T16:19:56.000+00:00
1,sell,70,2024-05-06T18:31:15.000+00:00
1,sell,70,2024-05-07T16:17:47.000+00:00
1,sell,70,2024-05-07T18:39:10.000+00:00
1,sell,70,2024-05-07T21:29:46.000+00:00
1,buy,40,2024-05-08T01:33:39.000+00:00
1,sell,70,2024-05-08T05:50:39.000+00:00
1,buy,42,2024-05-08T11:01:11.000+00:00
1,sell,70,2024-05-08T11:40:51.000+00:00
1,sell,70,2024-05-08T16:30:24.000+00:00
1,sell,80,2024-05-08T18:33:26.000+00:00
1,sell,75,2024-05-08T23:14:53.000+00:00
1,sell,65,2024-05-08T23:45:01.000+00:00
1,sell,60,2024-05-09T05:34:41.000+00:00
1,sell,70,2024-05-09T08:45:17.000+00:00
1,sell,65,2024-05-09T10:38:49.000+00:00
1,buy,47,2024-05-09T14:33:23.000+00:00
1,sell,70,2024-05-09T18:06:10.000+00:00
2,sell,70,2024-05-09T19:45:46.000+00:00
1,sell,70,2024-05-09T23:45:22.000+00:00
1,buy,40,2024-05-10T04:08:13.000+00:00
1,sell,65,2024-05-10T05:42:50.000+00:00
1,buy,45,2024-05-10T10:25:34.000+00:00
1,sell,70,2024-05-10T13:06:12.000+00:00
1,sell,65,2024-05-10T13:30:06.000+00:00
1,sell,65,2024-05-10T13:32:20.000+00:00
3,sell,60,2024-05-10T20:46:43.000+00:00
7,sell,70,2024-05-10T23:03:51.000+00:00
1,sell,79,2024-05-11T00:08:35.000+00:00
1,sell,70,2024-05-11T07:45:44.000+00:00
4,sell,60,2024-05-11T09:08:36.000+00:00
1,sell,70,2024-05-11T10:44:40.000+00:00
1,buy,43,2024-05-11T12:29:08.000+00:00
1,buy,35,2024-05-11T19:11:52.000+00:00
1,sell,70,2024-05-12T01:20:46.000+00:00
6,sell,80,2024-05-12T03:47:50.000+00:00
1,buy,42,2024-05-12T07:55:19.000+00:00
1,sell,60,2024-05-12T08:25:01.000+00:00
1,buy,40,2024-05-12T08:45:47.000+00:00
1,sell,69,2024-05-12T11:37:56.000+00:00
1,sell,60,2024-05-12T21:31:28.000+00:00
1,sell,57,2024-05-12T21:33:05.000+00:00
1,sell,70,2024-05-12T23:26:27.000+00:00
2,sell,70,2024-05-13T11:13:09.000+00:00
3,sell,79,2024-05-13T17:52:57.000+00:00
1,sell,70,2024-05-13T21:02:10.000+00:00
1,sell,70,2024-05-13T22:45:08.000+00:00
1,sell,70,2024-05-13T23:42:54.000+00:00
4,sell,80,2024-05-14T03:17:35.000+00:00
1,sell,80,2024-05-14T04:18:27.000+00:00
2,sell,70,2024-05-14T18:30:20.000+00:00
1,sell,75,2024-05-14T22:25:08.000+00:00
1,sell,65,2024-05-14T22:25:28.000+00:00
2,sell,70,2024-05-15T00:26:28.000+00:00
1,sell,60,2024-05-15T03:07:49.000+00:00
1,sell,70,2024-05-15T07:59:00.000+00:00
4,sell,68,2024-05-16T08:41:18.000+00:00
1,buy,40,2024-05-16T16:14:47.000+00:00
1,sell,65,2024-05-16T19:40:34.000+00:00
1,sell,65,2024-05-16T19:52:52.000+00:00
1,sell,95,2024-05-17T05:47:01.000+00:00
1,sell,75,2024-05-17T05:59:21.000+00:00
1,sell,70,2024-05-17T09:52:26.000+00:00
1,sell,70,2024-05-17T14:03:09.000+00:00
1,sell,65,2024-05-17T14:33:46.000+00:00
1,sell,70,2024-05-17T14:46:36.000+00:00
1,sell,75,2024-05-17T14:54:13.000+00:00
1,sell,70,2024-05-17T14:55:03.000+00:00
1,buy,45,2024-05-17T15:19:01.000+00:00
1,sell,69,2024-05-17T20:15:15.000+00:00
1,sell,69,2024-05-18T00:02:06.000+00:00
6,sell,69,2024-05-18T03:07:40.000+00:00
1,sell,70,2024-05-18T03:50:56.000+00:00
1,sell,70,2024-05-18T04:53:38.000+00:00
1,sell,60,2024-05-18T04:54:38.000+00:00
17,sell,69,2024-05-18T05:19:35.000+00:00
2,sell,67,2024-05-18T11:56:27.000+00:00
1,sell,69,2024-05-18T13:06:42.000+00:00
3,sell,70,2024-05-18T16:00:33.000+00:00
3,sell,65,2024-05-18T16:06:41.000+00:00
1,sell,65,2024-05-18T17:59:47.000+00:00
2,sell,100,2024-05-18T18:16:40.000+00:00
1,sell,65,2024-05-18T22:32:21.000+00:00
20,sell,70,2024-05-19T01:20:03.000+00:00
1,sell,69,2024-05-19T01:24:55.000+00:00
1,sell,90,2024-05-19T03:15:01.000+00:00
2,sell,65,2024-05-19T04:24:47.000+00:00
1,sell,70,2024-05-19T06:05:18.000+00:00
1,sell,65,2024-05-19T08:48:02.000+00:00
1,sell,65,2024-05-19T11:44:21.000+00:00
3,sell,78,2024-05-19T12:14:28.000+00:00
2,sell,60,2024-05-19T14:10:35.000+00:00
1,sell,75,2024-05-19T14:30:15.000+00:00
1,sell,65,2024-05-19T14:31:21.000+00:00
10,sell,64,2024-05-19T17:25:05.000+00:00
1,sell,80,2024-05-19T19:58:26.000+00:00
1,sell,65,2024-05-19T21:32:26.000+00:00
1,sell,67,2024-05-20T01:18:41.000+00:00
1,sell,80,2024-05-20T07:51:45.000+00:00
1,buy,46,2024-05-20T07:54:28.000+00:00
26,sell,70,2024-05-20T08:21:36.000+00:00
1,sell,63,2024-05-20T11:11:49.000+00:00
1,sell,70,2024-05-20T11:30:11.000+00:00
1,sell,65,2024-05-20T11:50:25.000+00:00
2,sell,80,2024-05-20T12:56:55.000+00:00
1,sell,70,2024-05-20T14:54:55.000+00:00
3,sell,68,2024-05-20T15:08:20.000+00:00
2,sell,70,2024-05-20T17:53:34.000+00:00
1,sell,70,2024-05-20T19:13:00.000+00:00
1,sell,85,2024-05-20T21:27:15.000+00:00
3,buy,30,2024-05-21T02:47:17.000+00:00
1,sell,70,2024-05-21T07:47:32.000+00:00
1,sell,69,2024-05-21T09:28:40.000+00:00
4,sell,67,2024-05-21T11:05:03.000+00:00
3,sell,60,2024-05-21T14:27:35.000+00:00
1,sell,65,2024-05-21T17:43:22.000+00:00
1,buy,45,2024-05-22T00:38:08.000+00:00
1,sell,65,2024-05-22T03:41:28.000+00:00
1,sell,80,2024-05-22T04:01:54.000+00:00
1,sell,65,2024-05-22T08:05:30.000+00:00
1,buy,45,2024-05-22T08:36:32.000+00:00
1,sell,65,2024-05-22T13:26:50.000+00:00
1,sell,70,2024-05-22T17:21:35.000+00:00
1,buy,42,2024-05-22T18:13:12.000+00:00
2,sell,70,2024-05-22T18:47:54.000+00:00
1,sell,75,2024-05-23T00:14:38.000+00:00
1,sell,62,2024-05-23T02:28:33.000+00:00
1,sell,64,2024-05-23T06:09:32.000+00:00
2,sell,75,2024-05-23T09:00:11.000+00:00
1,sell,65,2024-05-23T10:16:19.000+00:00
7,sell,75,2024-05-23T18:04:08.000+00:00
1,sell,69,2024-05-23T19:20:29.000+00:00
4,sell,60,2024-05-23T22:26:46.000+00:00
1,sell,70,2024-05-24T01:58:06.000+00:00
1,sell,70,2024-05-24T02:36:55.000+00:00
1,sell,69,2024-05-24T03:23:25.000+00:00
11,sell,70,2024-05-24T03:44:38.000+00:00
1,sell,70,2024-05-24T05:27:30.000+00:00
1,sell,70,2024-05-24T09:33:16.000+00:00
1,sell,70,2024-05-24T10:30:23.000+00:00
1,sell,88,2024-05-24T14:35:36.000+00:00
1,sell,70,2024-05-24T15:54:18.000+00:00
1,sell,65,2024-05-24T16:01:02.000+00:00
1,buy,45,2024-05-24T18:11:21.000+00:00
1,sell,70,2024-05-24T22:15:35.000+00:00
1,sell,70,2024-05-25T00:59:23.000+00:00
47,buy,47,2024-05-25T07:19:43.000+00:00
1,sell,70,2024-05-25T07:20:27.000+00:00
1,sell,66,2024-05-25T08:20:07.000+00:00
1,sell,69,2024-05-25T11:57:35.000+00:00
1,sell,69,2024-05-25T13:41:08.000+00:00
1,sell,65,2024-05-25T14:33:18.000+00:00
1,sell,75,2024-05-25T15:15:03.000+00:00
2,sell,65,2024-05-25T16:27:17.000+00:00
1,sell,60,2024-05-25T18:18:21.000+00:00
1,buy,40,2024-05-25T19:47:41.000+00:00
3,buy,43,2024-05-26T03:36:50.000+00:00
2,sell,70,2024-05-26T03:40:18.000+00:00
1,sell,70,2024-05-26T08:20:15.000+00:00
1,buy,45,2024-05-26T08:44:49.000+00:00
1,sell,75,2024-05-26T09:04:01.000+00:00
1,sell,70,2024-05-26T09:24:45.000+00:00
1,sell,80,2024-05-26T11:40:37.000+00:00
1,sell,70,2024-05-26T11:42:42.000+00:00
1,buy,42,2024-05-26T12:16:33.000+00:00
1,sell,80,2024-05-26T12:39:36.000+00:00
3,sell,67,2024-05-26T17:20:27.000+00:00
3,sell,70,2024-05-26T17:30:00.000+00:00
1,sell,70,2024-05-26T19:01:01.000+00:00
2,sell,65,2024-05-26T19:28:21.000+00:00
1,sell,65,2024-05-26T20:09:25.000+00:00
1,buy,60,2024-05-26T23:41:16.000+00:00
1,sell,70,2024-05-26T23:45:56.000+00:00
1,sell,65,2024-05-27T00:17:07.000+00:00
1,sell,80,2024-05-27T00:25:12.000+00:00
1,sell,70,2024-05-27T01:28:51.000+00:00
1,sell,100,2024-05-27T04:09:19.000+00:00
1,buy,60,2024-05-27T06:15:10.000+00:00
1,sell,64,2024-05-27T08:26:05.000+00:00
1,buy,43,2024-05-27T09:53:29.000+00:00
1,sell,68,2024-05-27T13:08:56.000+00:00
1,sell,99,2024-05-27T16:01:15.000+00:00
1,sell,59,2024-05-27T16:07:35.000+00:00
1,sell,60,2024-05-27T18:31:25.000+00:00
1,buy,48,2024-05-27T18:40:17.000+00:00
1,buy,1,2024-05-27T23:11:16.000+00:00
1,sell,66,2024-05-28T01:07:59.000+00:00
1,sell,70,2024-05-28T01:42:15.000+00:00
1,sell,70,2024-05-28T06:42:58.000+00:00
1,buy,42,2024-05-28T08:01:18.000+00:00
1,sell,120,2024-05-28T12:32:31.000+00:00
1,sell,69,2024-05-28T13:34:48.000+00:00
1,sell,70,2024-05-28T17:38:06.000+00:00
5,sell,70,2024-05-28T20:41:33.000+00:00
2,sell,69,2024-05-28T21:43:43.000+00:00
1,sell,70,2024-05-28T22:09:02.000+00:00
1,buy,42,2024-05-29T00:50:20.000+00:00
1,sell,70,2024-05-29T03:28:42.000+00:00
1,buy,50,2024-05-29T04:08:56.000+00:00
1,sell,70,2024-05-29T04:37:32.000+00:00
1,sell,70,2024-05-29T05:13:00.000+00:00
1,sell,80,2024-05-29T05:45:12.000+00:00
3,sell,80,2024-05-29T07:05:56.000+00:00
7,sell,69,2024-05-29T07:37:58.000+00:00
1,sell,70,2024-05-29T11:23:06.000+00:00
1,sell,70,2024-05-29T11:57:41.000+00:00
1,sell,68,2024-05-29T13:04:36.000+00:00
1,sell,120,2024-05-29T16:14:59.000+00:00
1,sell,70,2024-05-29T17:00:39.000+00:00
11,sell,100,2024-05-29T17:34:02.000+00:00
1,sell,65,2024-05-29T18:07:25.000+00:00
1,sell,65,2024-05-29T18:43:45.000+00:00
1,sell,80,2024-05-29T19:20:29.000+00:00
1,sell,65,2024-05-29T19:23:08.000+00:00
2,sell,69,2024-05-30T00:39:39.000+00:00
1,sell,70,2024-05-30T08:43:02.000+00:00
2,sell,70,2024-05-30T09:24:39.000+00:00
1,sell,70,2024-05-30T10:28:08.000+00:00
1,sell,70,2024-05-30T12:22:06.000+00:00
1,sell,69,2024-05-30T12:22:10.000+00:00
3,sell,65,2024-05-30T12:48:47.000+00:00
1,sell,66,2024-05-30T13:02:23.000+00:00
1,sell,70,2024-05-30T13:59:52.000+00:00
1,sell,66,2024-05-30T14:13:42.000+00:00
1,buy,45,2024-05-30T14:29:05.000+00:00
4,sell,69,2024-05-30T15:49:22.000+00:00
1,sell,70,2024-05-30T17:21:22.000+00:00
1,buy,42,2024-05-30T17:51:02.000+00:00
1,sell,70,2024-05-30T18:29:14.000+00:00
1,sell,70,2024-05-30T18:54:01.000+00:00
1,sell,70,2024-05-30T19:13:33.000+00:00
1,sell,62,2024-05-30T19:14:58.000+00:00
1,sell,75,2024-05-30T23:53:59.000+00:00
1,sell,70,2024-05-31T00:24:55.000+00:00
1,sell,70,2024-05-31T00:40:50.000+00:00
1,sell,70,2024-05-31T06:22:54.000+00:00
1,sell,70,2024-05-31T09:21:44.000+00:00
1,sell,65,2024-05-31T09:24:14.000+00:00
1,buy,42,2024-05-31T10:56:28.000+00:00
1,sell,110,2024-05-31T12:40:39.000+00:00
1,sell,68,2024-05-31T13:20:09.000+00:00
1,sell,64,2024-05-31T14:00:56.000+00:00
3,sell,65,2024-05-31T14:26:08.000+00:00
1,sell,70,2024-05-31T14:26:32.000+00:00
1,sell,65,2024-05-31T14:28:39.000+00:00
1,sell,60,2024-05-31T14:49:29.000+00:00
97,buy,45,2024-05-31T15:28:44.000+00:00
1,sell,60,2024-05-31T15:50:11.000+00:00
1,sell,80,2024-05-31T16:05:49.000+00:00
1,sell,75,2024-05-31T17:38:26.000+00:00
1,sell,70,2024-05-31T19:10:20.000+00:00
1,sell,70,2024-05-31T19:12:35.000+00:00
1,sell,65,2024-05-31T19:13:26.000+00:00
1,buy,46,2024-05-31T19:19:11.000+00:00
1,sell,63,2024-05-31T20:31:55.000+00:00
1,sell,64,2024-05-31T21:17:22.000+00:00
1,sell,70,2024-05-31T21:23:32.000+00:00
1,sell,65,2024-05-31T22:34:53.000+00:00
1,sell,111,2024-05-31T23:08:26.000+00:00
1,sell,70,2024-05-31T23:38:41.000+00:00
1,sell,50,2024-06-01T01:58:48.000+00:00
1,sell,100,2024-06-01T02:34:02.000+00:00
1,sell,70,2024-06-01T02:58:11.000+00:00
4,sell,65,2024-06-01T03:15:50.000+00:00
1,sell,65,2024-06-01T04:40:37.000+00:00
1,sell,65,2024-06-01T05:48:58.000+00:00
1,sell,62,2024-06-01T11:09:26.000+00:00
1,sell,70,2024-06-01T11:56:45.000+00:00
1,sell,65,2024-06-01T14:12:43.000+00:00
5,sell,65,2024-06-01T14:24:04.000+00:00
3,sell,95,2024-06-01T14:44:19.000+00:00
1,sell,60,2024-06-01T15:03:18.000+00:00
1,sell,99,2024-06-01T15:29:54.000+00:00
1,sell,63,2024-06-01T17:46:49.000+00:00
1,sell,70,2024-06-01T21:11:03.000+00:00
2,sell,70,2024-06-01T21:18:28.000+00:00
1,sell,63,2024-06-01T22:22:30.000+00:00
2,sell,70,2024-06-01T22:38:20.000+00:00
1,sell,60,2024-06-01T22:43:53.000+00:00
1,buy,15,2024-06-02T00:00:14.000+00:00
1,sell,64,2024-06-02T00:32:27.000+00:00
1,sell,70,2024-06-02T00:32:36.000+00:00
1,buy,17,2024-06-02T02:31:49.000+00:00
1,sell,68,2024-06-02T02:57:13.000+00:00
1,sell,60,2024-06-02T03:10:46.000+00:00
1,sell,65,2024-06-02T04:30:29.000+00:00
1,sell,64,2024-06-02T05:12:07.000+00:00
1,sell,65,2024-06-02T05:12:40.000+00:00
1,sell,67,2024-06-02T05:30:59.000+00:00
1,sell,64,2024-06-02T05:33:21.000+00:00
1,sell,66,2024-06-02T06:17:32.000+00:00
1,sell,65,2024-06-02T06:26:35.000+00:00
2,sell,65,2024-06-02T06:53:59.000+00:00
1,sell,63,2024-06-02T07:44:36.000+00:00
1,sell,63,2024-06-02T08:36:39.000+00:00
1,sell,60,2024-06-02T08:44:12.000+00:00
1,sell,65,2024-06-02T08:53:34.000+00:00
1,sell,70,2024-06-02T09:22:49.000+00:00
3,sell,64,2024-06-02T09:46:45.000+00:00
1,sell,62,2024-06-02T09:57:20.000+00:00
1,sell,65,2024-06-02T10:03:42.000+00:00
6,sell,70,2024-06-02T10:51:22.000+00:00
1,sell,65,2024-06-02T11:37:19.000+00:00
1,sell,70,2024-06-02T12:21:19.000+00:00
1,sell,59,2024-06-02T12:22:33.000+00:00
1,sell,60,2024-06-02T13:25:30.000+00:00
1,sell,100,2024-06-02T14:35:38.000+00:00
1,sell,70,2024-06-02T14:48:07.000+00:00
1,sell,60,2024-06-02T15:49:33.000+00:00
1,sell,65,2024-06-02T16:06:25.000+00:00
1,sell,55,2024-06-02T16:12:11.000+00:00
1,sell,70,2024-06-02T17:34:53.000+00:00
3,sell,69,2024-06-02T17:59:59.000+00:00
1,sell,70,2024-06-02T18:29:34.000+00:00
1,sell,70,2024-06-02T19:19:09.000+00:00
1,sell,70,2024-06-02T19:22:23.000+00:00
1,sell,70,2024-06-02T19:38:28.000+00:00
1,sell,69,2024-06-02T20:47:57.000+00:00
1,buy,40,2024-06-02T21:13:10.000+00:00
1,sell,95,2024-06-02T22:12:49.000+00:00
1,sell,190,2024-06-02T22:40:19.000+00:00
1,buy,46,2024-06-02T22:43:30.000+00:00
1,sell,105,2024-06-02T22:45:40.000+00:00
1,buy,46,2024-06-02T22:46:57.000+00:00
1,sell,65,2024-06-02T23:00:51.000+00:00
1,buy,40,2024-06-02T23:36:04.000+00:00
1,sell,65,2024-06-02T23:50:22.000+00:00
1,sell,65,2024-06-03T01:40:04.000+00:00
1,sell,65,2024-06-03T01:46:16.000+00:00
1,sell,60,2024-06-03T02:00:25.000+00:00
1,sell,65,2024-06-03T02:37:50.000+00:00
1,buy,42,2024-06-03T03:09:56.000+00:00
1,sell,60,2024-06-03T03:15:12.000+00:00
1,sell,70,2024-06-03T03:26:08.000+00:00
1,sell,60,2024-06-03T03:31:31.000+00:00
1,buy,45,2024-06-03T04:19:39.000+00:00
2,sell,60,2024-06-03T05:10:30.000+00:00
1,sell,65,2024-06-03T05:30:07.000+00:00
2,sell,65,2024-06-03T06:34:12.000+00:00
1,buy,42,2024-06-03T06:59:25.000+00:00
1,sell,65,2024-06-03T07:13:19.000+00:00
1,sell,66,2024-06-03T07:13:36.000+00:00
1,sell,68,2024-06-03T10:35:51.000+00:00
1,sell,67,2024-06-03T11:11:36.000+00:00
1,sell,64,2024-06-03T11:20:16.000+00:00
1,buy,40,2024-06-03T12:09:02.000+00:00
1,sell,65,2024-06-03T12:21:02.000+00:00
3,sell,66,2024-06-03T13:59:24.000+00:00
1,sell,70,2024-06-03T14:08:01.000+00:00
1,sell,62,2024-06-03T14:20:53.000+00:00
2,sell,62,2024-06-03T14:52:55.000+00:00
1,sell,65,2024-06-03T15:20:44.000+00:00
1,sell,60,2024-06-03T15:40:21.000+00:00
1,sell,65,2024-06-03T17:08:06.000+00:00
1,sell,55,2024-06-03T17:41:14.000+00:00
1,sell,70,2024-06-03T17:57:43.000+00:00
1,buy,40,2024-06-03T18:09:17.000+00:00
1,buy,43,2024-06-03T18:14:59.000+00:00
1,sell,59,2024-06-03T19:01:32.000+00:00
1,sell,65,2024-06-03T19:36:15.000+00:00
2,sell,70,2024-06-03T19:49:55.000+00:00
1,sell,60,2024-06-03T19:50:53.000+00:00
