platinum,quantity,order_type,creation_date
120,1,sell,2019-08-06T12:17:56.000+00:00
120,1,sell,2019-08-24T20:28:14.000+00:00
100,1,sell,2019-10-01T18:59:32.000+00:00
100,2,sell,2019-10-20T16:49:41.000+00:00
100,1,sell,2019-10-23T06:20:19.000+00:00
125,24,sell,2019-12-01T01:31:56.000+00:00
94,16,sell,2020-01-12T15:03:30.000+00:00
180,4,sell,2020-02-15T14:22:47.000+00:00
65,1,sell,2020-02-15T16:30:15.000+00:00
100,55,sell,2020-02-24T09:15:39.000+00:00
99,2,sell,2020-03-24T11:46:28.000+00:00
99,1,sell,2020-03-28T03:52:12.000+00:00
150,1,sell,2020-04-19T16:36:55.000+00:00
65,2,sell,2020-05-14T14:49:05.000+00:00
45,5,buy,2020-05-16T20:29:19.000+00:00
99,2,sell,2020-06-04T05:43:18.000+00:00
90,3,sell,2020-07-18T17:14:40.000+00:00
100,3,sell,2020-07-27T00:47:56.000+00:00
100,1,sell,2020-09-02T16:36:58.000+00:00
80,9,sell,2020-09-09T05:56:52.000+00:00
100,1,sell,2020-09-21T23:24:40.000+00:00
110,2,sell,2020-09-30T10:49:03.000+00:00
149,1,sell,2020-10-11T17:54:45.000+00:00
90,1,sell,2020-10-17T11:24:42.000+00:00
100,1,sell,2020-10-29T00:06:40.000+00:00
110,39,sell,2021-01-26T01:58:51.000+00:00
100,3,sell,2021-03-11T11:18:39.000+00:00
150,4,sell,2021-03-16T23:11:03.000+00:00
65,1,sell,2021-05-02T03:37:25.000+00:00
124,4,sell,2021-05-17T17:22:57.000+00:00
180,4,sell,2021-05-19T09:44:30.000+00:00
199,2,sell,2021-05-19T12:31:10.000+00:00
90,1,sell,2021-05-19T20:05:38.000+00:00
200,1,sell,2021-05-20T17:23:17.000+00:00
100,19,sell,2021-05-24T08:28:40.000+00:00
99,7,sell,2021-05-26T09:06:05.000+00:00
70,3,sell,2021-06-01T11:45:34.000+00:00
200,3,sell,2021-06-03T07:03:12.000+00:00
120,10,sell,2021-06-05T14:54:28.000+00:00
150,6,sell,2021-06-13T15:12:42.000+00:00
70,4,sell,2021-06-18T16:08:15.000+00:00
175,2,sell,2021-07-02T09:15:20.000+00:00
100,2,sell,2021-07-10T19:26:40.000+00:00
125,8,sell,2021-07-11T01:25:50.000+00:00
129,5,sell,2021-07-14T01:32:16.000+00:00
70,1,sell,2021-07-20T16:33:17.000+00:00
100,1,sell,2021-08-04T08:42:45.000+00:00
40,11,buy,2021-08-15T02:46:03.000+00:00
100,1,sell,2021-08-26T05:01:31.000+00:00
100,1,sell,2021-08-27T07:24:10.000+00:00
200,1,sell,2021-09-02T12:54:19.000+00:00
100,2,sell,2021-09-06T20:15:35.000+00:00
150,1,sell,2021-09-09T22:50:00.000+00:00
150,20,sell,2021-09-11T15:44:40.000+00:00
100,1,sell,2021-09-14T17:49:39.000+00:00
89,2,sell,2021-09-15T02:25:11.000+00:00
75,2,sell,2021-09-15T19:41:07.000+00:00
120,4,sell,2021-09-25T01:11:49.000+00:00
150,1,sell,2021-09-26T10:57:33.000+00:00
100,7,sell,2021-10-04T00:31:23.000+00:00
51,1,buy,2021-10-16T15:48:24.000+00:00
50,1,buy,2021-10-19T09:07:25.000+00:00
250,36,sell,2021-10-23T04:30:15.000+00:00
99,2,sell,2021-11-13T08:52:15.000+00:00
80,1,sell,2021-11-13T18:44:58.000+00:00
100,1,sell,2021-11-17T16:44:37.000+00:00
110,2,sell,2021-11-17T21:57:37.000+00:00
85,1,sell,2021-11-25T10:01:24.000+00:00
120,1,sell,2021-12-04T22:39:43.000+00:00
90,4,sell,2021-12-06T00:28:54.000+00:00
100,1,sell,2021-12-24T13:37:09.000+00:00
70,1,sell,2021-12-27T12:12:44.000+00:00
99,2,sell,2021-12-30T21:34:15.000+00:00
120,1,sell,2022-01-02T00:22:51.000+00:00
72,1,sell,2022-01-03T21:26:45.000+00:00
100,20,sell,2022-01-06T09:19:15.000+00:00
88,5,sell,2022-01-19T14:17:32.000+00:00
130,11,sell,2022-01-19T15:42:18.000+00:00
149,1,sell,2022-01-21T07:28:51.000+00:00
80,1,sell,2022-01-26T16:38:07.000+00:00
80,2,sell,2022-01-26T18:29:11.000+00:00
85,1,sell,2022-02-05T18:38:23.000+00:00
100,2,sell,2022-02-06T08:52:36.000+00:00
111,5,sell,2022-02-15T08:20:40.000+00:00
100,1,sell,2022-02-21T19:52:12.000+00:00
88,1,sell,2022-02-23T10:14:07.000+00:00
65,3,sell,2022-02-25T16:39:12.000+00:00
200,2,sell,2022-02-26T08:35:09.000+00:00
5,6,buy,2022-03-02T03:55:28.000+00:00
90,6,sell,2022-03-27T20:07:53.000+00:00
41,6,buy,2022-03-28T23:16:08.000+00:00
200,39,sell,2022-03-29T00:29:24.000+00:00
80,3,sell,2022-03-30T16:08:12.000+00:00
90,2,sell,2022-04-01T03:25:50.000+00:00
99,1,sell,2022-04-03T08:53:50.000+00:00
100,1,sell,2022-04-08T14:03:34.000+00:00
80,1,sell,2022-04-10T13:51:03.000+00:00
100,2,sell,2022-04-13T22:31:01.000+00:00
300,1,sell,2022-04-18T03:49:45.000+00:00
100,2,sell,2022-05-02T06:33:24.000+00:00
95,1,sell,2022-05-08T17:29:50.000+00:00
80,24,sell,2022-05-29T07:03:33.000+00:00
70,1,sell,2022-06-21T13:05:57.000+00:00
100,2,sell,2022-07-08T14:16:02.000+00:00
88,2,sell,2022-07-12T02:55:11.000+00:00
80,3,sell,2022-07-15T06:39:17.000+00:00
90,3,sell,2022-07-18T03:09:12.000+00:00
90,60,sell,2022-07-18T08:31:01.000+00:00
105,3,sell,2022-07-19T09:48:21.000+00:00
75,8,sell,2022-07-20T18:35:19.000+00:00
120,4,sell,2022-07-22T08:16:25.000+00:00
90,1,sell,2022-07-24T11:03:11.000+00:00
40,100,buy,2022-08-08T20:22:36.000+00:00
100,1,sell,2022-08-12T12:49:58.000+00:00
99,2,sell,2022-08-13T15:18:28.000+00:00
150,1,sell,2022-08-14T12:24:57.000+00:00
250,1,sell,2022-08-21T02:11:37.000+00:00
90,2,sell,2022-08-21T09:40:28.000+00:00
100,1,sell,2022-08-25T03:49:45.000+00:00
100,1,sell,2022-09-06T03:19:27.000+00:00
100,13,sell,2022-09-13T04:38:47.000+00:00
53,1,buy,2022-09-15T12:33:29.000+00:00
40,1,buy,2022-09-15T15:40:39.000+00:00
90,4,sell,2022-09-23T17:53:09.000+00:00
75,1,sell,2022-09-28T10:42:14.000+00:00
100,1,sell,2022-10-05T02:25:18.000+00:00
100,1,sell,2022-10-21T17:50:04.000+00:00
100,1,sell,2022-10-21T22:26:44.000+00:00
50,1,buy,2022-10-22T20:16:17.000+00:00
35,99,buy,2022-10-23T13:10:48.000+00:00
90,2,sell,2022-11-10T11:31:42.000+00:00
150,2,sell,2022-11-15T21:05:26.000+00:00
99,4,sell,2022-11-23T10:43:50.000+00:00
100,2,sell,2022-11-23T12:02:17.000+00:00
120,6,sell,2022-11-23T12:53:50.000+00:00
95,34,sell,2022-11-25T13:08:23.000+00:00
90,5,sell,2022-12-02T13:39:59.000+00:00
100,1,sell,2022-12-03T13:58:15.000+00:00
70,12,sell,2022-12-10T04:12:19.000+00:00
70,2,sell,2022-12-10T10:22:04.000+00:00
100,1,sell,2022-12-18T23:32:12.000+00:00
109,3,sell,2022-12-29T19:43:07.000+00:00
140,1,sell,2022-12-30T16:21:05.000+00:00
75,1,sell,2023-01-07T16:23:12.000+00:00
80,3,sell,2023-01-14T00:06:30.000+00:00
100,18,sell,2023-01-15T14:10:01.000+00:00
90,1,sell,2023-01-16T12:16:55.000+00:00
20,2,buy,2023-01-19T08:07:47.000+00:00
70,1,buy,2023-01-19T11:45:07.000+00:00
50,10,buy,2023-01-20T23:37:22.000+00:00
90,1,sell,2023-01-28T21:36:25.000+00:00
85,4,sell,2023-01-30T07:25:18.000+00:00
100,1,sell,2023-01-30T22:32:57.000+00:00
89,2,sell,2023-02-01T23:14:00.000+00:00
100,1,sell,2023-02-05T14:19:55.000+00:00
25,10,buy,2023-02-05T18:57:20.000+00:00
75,2,sell,2023-02-06T15:40:13.000+00:00
100,1,sell,2023-02-09T10:35:48.000+00:00
100,2,sell,2023-02-11T02:44:13.000+00:00
65,1,sell,2023-02-16T19:46:26.000+00:00
200,6,sell,2023-02-26T00:45:30.000+00:00
45,100,buy,2023-02-28T06:11:22.000+00:00
160,1,sell,2023-03-02T01:00:58.000+00:00
206,1,sell,2023-03-05T00:13:06.000+00:00
80,1,sell,2023-03-15T02:49:56.000+00:00
99,8,sell,2023-03-17T15:48:00.000+00:00
65,2,sell,2023-03-21T22:59:14.000+00:00
75,1,sell,2023-03-23T20:27:03.000+00:00
85,1,sell,2023-03-24T09:35:43.000+00:00
78,3,sell,2023-03-28T10:52:22.000+00:00
200,10,sell,2023-04-03T03:13:26.000+00:00
300,1,sell,2023-04-04T19:23:49.000+00:00
150,188,sell,2023-04-07T07:00:21.000+00:00
80,3,sell,2023-04-08T23:47:25.000+00:00
100,1,sell,2023-04-11T14:37:34.000+00:00
120,1,sell,2023-04-15T18:56:04.000+00:00
120,1,sell,2023-04-15T21:30:11.000+00:00
110,1,sell,2023-04-17T18:16:46.000+00:00
100,1,sell,2023-04-17T21:01:36.000+00:00
110,9,sell,2023-04-20T00:59:31.000+00:00
100,1,sell,2023-04-29T13:50:14.000+00:00
75,2,sell,2023-04-29T16:06:07.000+00:00
60,7,sell,2023-05-04T03:48:29.000+00:00
110,1,sell,2023-05-06T00:21:15.000+00:00
85,2,sell,2023-05-09T05:34:02.000+00:00
80,4,sell,2023-05-18T14:45:52.000+00:00
300,12,sell,2023-05-19T00:01:50.000+00:00
69,1,sell,2023-05-20T04:42:39.000+00:00
120,1,sell,2023-05-23T12:50:19.000+00:00
350,1,sell,2023-06-04T23:22:34.000+00:00
120,5,sell,2023-06-06T00:59:25.000+00:00
90,1,sell,2023-06-06T04:55:26.000+00:00
95,1,sell,2023-06-06T19:24:35.000+00:00
110,1,sell,2023-06-06T23:38:35.000+00:00
200,14,sell,2023-06-10T11:47:29.000+00:00
95,1,sell,2023-06-12T11:14:50.000+00:00
300,1,sell,2023-06-12T22:10:03.000+00:00
200,14,sell,2023-06-28T14:54:46.000+00:00
95,1,sell,2023-07-02T14:42:37.000+00:00
119,8,sell,2023-07-03T07:42:30.000+00:00
150,1,sell,2023-07-06T18:45:43.000+00:00
90,2,sell,2023-07-10T11:44:30.000+00:00
79,1,sell,2023-07-15T20:14:36.000+00:00
98,5,sell,2023-07-21T03:36:23.000+00:00
100,8,sell,2023-07-26T12:28:18.000+00:00
90,9,sell,2023-07-27T01:23:20.000+00:00
108,1,sell,2023-07-28T15:05:04.000+00:00
130,1,sell,2023-07-29T18:29:15.000+00:00
110,4,sell,2023-08-01T07:56:34.000+00:00
120,10,sell,2023-08-03T23:56:51.000+00:00
100,1,sell,2023-08-05T09:09:18.000+00:00
100,1,sell,2023-08-10T12:38:15.000+00:00
150,1,sell,2023-08-11T21:42:38.000+00:00
300,1,sell,2023-08-14T10:56:42.000+00:00
100,1,sell,2023-08-16T12:48:34.000+00:00
60,3,sell,2023-08-18T04:19:02.000+00:00
90,1,sell,2023-08-18T18:08:04.000+00:00
250,5,sell,2023-08-27T04:48:42.000+00:00
200,1,sell,2023-08-27T15:09:30.000+00:00
99,4,sell,2023-08-28T01:35:19.000+00:00
100,3,sell,2023-08-29T23:05:31.000+00:00
100,1,sell,2023-09-08T09:26:22.000+00:00
300,1,sell,2023-09-08T12:07:12.000+00:00
60,19,buy,2023-09-12T20:31:54.000+00:00
80,5,sell,2023-09-13T15:00:50.000+00:00
75,1,sell,2023-09-16T05:46:49.000+00:00
70,2,sell,2023-09-17T20:28:09.000+00:00
70,4,sell,2023-09-18T16:08:49.000+00:00
200,2,sell,2023-09-21T08:09:14.000+00:00
99,1,sell,2023-09-21T18:22:02.000+00:00
100,1,sell,2023-09-21T21:40:10.000+00:00
90,1,sell,2023-09-23T15:22:01.000+00:00
60,36,buy,2023-09-27T08:15:01.000+00:00
100,4,sell,2023-09-27T14:44:03.000+00:00
100,12,sell,2023-09-30T08:36:56.000+00:00
56,3,buy,2023-09-30T13:47:53.000+00:00
150,1,sell,2023-10-01T00:26:35.000+00:00
85,2,sell,2023-10-01T03:59:20.000+00:00
45,1,buy,2023-10-01T12:59:19.000+00:00
80,1,sell,2023-10-03T22:01:59.000+00:00
100,1,sell,2023-10-05T03:27:21.000+00:00
120,1,sell,2023-10-05T18:59:51.000+00:00
100,1,sell,2023-10-07T11:26:10.000+00:00
90,1,sell,2023-10-08T05:09:06.000+00:00
70,1,sell,2023-10-09T17:37:25.000+00:00
150,1,sell,2023-10-10T03:59:27.000+00:00
75,2,sell,2023-10-11T01:38:40.000+00:00
75,1,buy,2023-10-13T06:05:25.000+00:00
98,24,sell,2023-10-13T17:35:35.000+00:00
100,2,sell,2023-10-13T19:49:38.000+00:00
89,2,sell,2023-10-13T20:11:48.000+00:00
100,2,sell,2023-10-14T13:56:17.000+00:00
110,1,sell,2023-10-15T17:16:52.000+00:00
50,6,buy,2023-10-15T23:59:19.000+00:00
90,2,sell,2023-10-17T12:20:26.000+00:00
60,3,buy,2023-10-19T00:19:31.000+00:00
75,1,sell,2023-10-20T16:57:48.000+00:00
100,6,sell,2023-10-20T18:29:17.000+00:00
70,1,sell,2023-10-21T09:28:23.000+00:00
60,1,sell,2023-10-21T14:57:25.000+00:00
35,1,buy,2023-10-29T08:14:37.000+00:00
90,2,sell,2023-10-29T13:17:23.000+00:00
100,1,sell,2023-11-04T14:35:54.000+00:00
125,1,sell,2023-11-05T01:07:12.000+00:00
90,1,sell,2023-11-05T15:57:13.000+00:00
150,1,sell,2023-11-05T22:04:56.000+00:00
99,2,sell,2023-11-12T05:18:51.000+00:00
200,5,sell,2023-11-15T03:42:21.000+00:00
100,1,sell,2023-11-16T12:17:13.000+00:00
120,1,sell,2023-11-17T13:11:49.000+00:00
100,3,sell,2023-11-19T11:18:14.000+00:00
64,49,sell,2023-11-25T01:21:13.000+00:00
110,4,sell,2023-11-25T18:24:14.000+00:00
149,3,sell,2023-11-25T20:44:18.000+00:00
90,1,sell,2023-11-26T06:36:56.000+00:00
85,1,sell,2023-11-26T08:03:27.000+00:00
52,1,buy,2023-11-26T13:02:38.000+00:00
110,9,sell,2023-11-28T00:09:05.000+00:00
85,1,sell,2023-12-01T05:46:04.000+00:00
120,1,sell,2023-12-01T19:10:35.000+00:00
52,1,buy,2023-12-02T18:09:57.000+00:00
80,2,sell,2023-12-04T11:47:08.000+00:00
85,1,sell,2023-12-05T04:21:11.000+00:00
89,1,sell,2023-12-09T04:24:58.000+00:00
100,1,sell,2023-12-09T04:39:39.000+00:00
150,3,sell,2023-12-10T13:38:28.000+00:00
80,3,sell,2023-12-10T20:56:06.000+00:00
160,1,sell,2023-12-11T12:05:33.000+00:00
95,1,sell,2023-12-13T13:43:00.000+00:00
100,7,sell,2023-12-14T10:37:21.000+00:00
80,6,sell,2023-12-15T15:02:54.000+00:00
100,1,sell,2023-12-16T22:08:36.000+00:00
84,2,sell,2023-12-18T04:53:11.000+00:00
100,1,sell,2023-12-20T07:14:06.000+00:00
50,1,buy,2023-12-22T02:31:09.000+00:00
100,1,sell,2023-12-22T12:48:51.000+00:00
100,1,sell,2023-12-23T13:07:01.000+00:00
90,1,sell,2023-12-26T12:46:43.000+00:00
99,1,sell,2023-12-28T19:08:37.000+00:00
100,1,sell,2023-12-29T13:55:35.000+00:00
67,1,sell,2023-12-30T21:05:04.000+00:00
60,3,buy,2024-01-05T00:08:19.000+00:00
120,1,sell,2024-01-05T05:42:02.000+00:00
149,1,sell,2024-01-05T16:33:26.000+00:00
119,1,sell,2024-01-09T14:00:46.000+00:00
89,1,sell,2024-01-09T22:35:49.000+00:00
100,1,sell,2024-01-11T00:36:14.000+00:00
120,3,sell,2024-01-11T20:23:08.000+00:00
80,1,sell,2024-01-12T12:12:52.000+00:00
75,3,sell,2024-01-12T15:16:36.000+00:00
100,1,sell,2024-01-14T02:53:28.000+00:00
90,1,sell,2024-01-15T16:12:21.000+00:00
100,5,sell,2024-01-16T16:46:47.000+00:00
75,1,sell,2024-01-17T19:34:54.000+00:00
199,2,sell,2024-01-18T00:22:55.000+00:00
100,6,sell,2024-01-19T01:19:09.000+00:00
100,1,sell,2024-01-20T10:03:24.000+00:00
100,2,sell,2024-01-20T10:44:20.000+00:00
115,1,sell,2024-01-21T19:23:52.000+00:00
100,1,sell,2024-01-22T01:06:15.000+00:00
50,3,buy,2024-01-22T08:31:42.000+00:00
88,2,sell,2024-01-23T11:01:15.000+00:00
165,1,sell,2024-01-23T11:30:58.000+00:00
100,1,sell,2024-01-23T13:24:00.000+00:00
100,1,sell,2024-01-24T04:42:04.000+00:00
100,2,sell,2024-01-25T21:12:26.000+00:00
100,1,sell,2024-01-26T19:21:27.000+00:00
110,3,sell,2024-01-26T23:53:29.000+00:00
100,1,sell,2024-01-27T10:09:31.000+00:00
120,1,sell,2024-01-27T17:43:32.000+00:00
90,2,sell,2024-01-29T04:08:52.000+00:00
100,1,sell,2024-01-29T11:37:00.000+00:00
50,50,buy,2024-01-30T03:17:23.000+00:00
125,1,sell,2024-01-30T18:46:17.000+00:00
60,2,buy,2024-01-31T01:40:05.000+00:00
150,1,sell,2024-02-01T21:01:44.000+00:00
200,3,sell,2024-02-03T10:23:29.000+00:00
100,1,sell,2024-02-03T11:54:09.000+00:00
100,1,sell,2024-02-03T13:49:59.000+00:00
100,1,sell,2024-02-04T15:59:06.000+00:00
110,1,sell,2024-02-04T21:48:07.000+00:00
95,1,sell,2024-02-05T18:12:58.000+00:00
100,1,sell,2024-02-05T21:15:04.000+00:00
40,1,buy,2024-02-06T00:15:38.000+00:00
80,16,sell,2024-02-06T02:04:42.000+00:00
100,2,sell,2024-02-06T09:26:48.000+00:00
88,3,sell,2024-02-06T14:00:33.000+00:00
70,2,sell,2024-02-08T03:01:28.000+00:00
120,1,sell,2024-02-09T19:33:23.000+00:00
99,1,sell,2024-02-10T01:41:20.000+00:00
100,1,sell,2024-02-11T11:14:35.000+00:00
110,1,sell,2024-02-11T17:07:00.000+00:00
110,1,sell,2024-02-12T18:46:39.000+00:00
100,1,sell,2024-02-12T21:26:57.000+00:00
90,1,sell,2024-02-13T11:35:16.000+00:00
100,1,sell,2024-02-14T20:27:04.000+00:00
120,1,sell,2024-02-15T00:35:44.000+00:00
100,1,sell,2024-02-15T01:28:51.000+00:00
90,1,sell,2024-02-15T11:07:25.000+00:00
105,3,sell,2024-02-16T12:02:34.000+00:00
90,1,sell,2024-02-16T16:03:32.000+00:00
75,5,sell,2024-02-18T00:49:12.000+00:00
70,2,sell,2024-02-18T18:30:17.000+00:00
140,1,sell,2024-02-20T10:54:49.000+00:00
80,1,sell,2024-02-20T21:59:13.000+00:00
120,1,sell,2024-02-21T04:18:05.000+00:00
100,1,sell,2024-02-22T02:30:20.000+00:00
100,1,sell,2024-02-22T21:14:49.000+00:00
75,2,sell,2024-02-23T13:08:01.000+00:00
100,1,sell,2024-02-23T15:04:03.000+00:00
95,3,sell,2024-02-23T19:08:24.000+00:00
110,2,sell,2024-02-24T12:33:19.000+00:00
100,1,sell,2024-02-25T07:09:52.000+00:00
69,1,sell,2024-02-25T14:55:00.000+00:00
116,1,sell,2024-02-26T19:38:22.000+00:00
90,1,sell,2024-02-27T13:25:48.000+00:00
90,2,sell,2024-02-27T17:03:57.000+00:00
100,1,sell,2024-02-27T22:58:34.000+00:00
95,1,sell,2024-02-28T09:20:39.000+00:00
95,1,sell,2024-02-28T12:57:10.000+00:00
90,4,sell,2024-02-28T14:02:21.000+00:00
100,19,sell,2024-02-28T14:19:41.000+00:00
100,1,sell,2024-02-28T17:04:20.000+00:00
110,1,sell,2024-02-28T22:38:47.000+00:00
90,1,sell,2024-02-29T18:50:04.000+00:00
100,2,sell,2024-02-29T20:14:09.000+00:00
99,1,sell,2024-03-01T17:23:19.000+00:00
95,3,sell,2024-03-02T08:37:33.000+00:00
85,4,sell,2024-03-02T08:50:37.000+00:00
150,2,sell,2024-03-02T11:05:05.000+00:00
45,999,buy,2024-03-02T11:05:36.000+00:00
88,1,sell,2024-03-02T20:52:30.000+00:00
120,1,sell,2024-03-03T02:19:13.000+00:00
100,4,sell,2024-03-03T09:37:43.000+00:00
100,4,sell,2024-03-03T10:38:47.000+00:00
98,1,sell,2024-03-03T13:24:37.000+00:00
47,1,buy,2024-03-03T13:33:02.000+00:00
110,1,sell,2024-03-03T15:40:41.000+00:00
100,1,sell,2024-03-04T08:28:59.000+00:00
120,1,sell,2024-03-04T08:48:56.000+00:00
80,1,sell,2024-03-04T10:00:56.000+00:00
100,2,sell,2024-03-04T10:26:39.000+00:00
68,1,sell,2024-03-05T00:43:03.000+00:00
80,2,sell,2024-03-05T02:17:47.000+00:00
100,1,sell,2024-03-05T16:50:38.000+00:00
100,1,sell,2024-03-06T02:45:55.000+00:00
95,1,sell,2024-03-07T04:18:19.000+00:00
78,1,sell,2024-03-07T17:49:14.000+00:00
100,1,sell,2024-03-07T23:03:43.000+00:00
107,2,sell,2024-03-07T23:31:56.000+00:00
95,13,sell,2024-03-08T07:12:40.000+00:00
90,2,sell,2024-03-08T15:14:37.000+00:00
99,1,sell,2024-03-08T21:20:08.000+00:00
100,1,sell,2024-03-08T23:41:18.000+00:00
100,1,sell,2024-03-09T11:07:03.000+00:00
150,1,sell,2024-03-09T13:06:51.000+00:00
100,1,sell,2024-03-09T15:29:34.000+00:00
90,1,sell,2024-03-10T08:12:34.000+00:00
100,2,sell,2024-03-11T20:06:31.000+00:00
100,2,sell,2024-03-12T07:47:59.000+00:00
1000,1,sell,2024-03-12T08:37:10.000+00:00
84,13,sell,2024-03-12T13:27:32.000+00:00
90,1,sell,2024-03-12T14:36:26.000+00:00
120,3,sell,2024-03-12T22:30:53.000+00:00
120,2,sell,2024-03-13T01:50:26.000+00:00
95,1,sell,2024-03-13T09:34:47.000+00:00
210,10,sell,2024-03-13T13:49:48.000+00:00
90,3,sell,2024-03-13T14:43:37.000+00:00
40,1,buy,2024-03-13T18:06:02.000+00:00
80,10,sell,2024-03-14T15:34:38.000+00:00
120,1,sell,2024-03-15T15:46:34.000+00:00
100,1,sell,2024-03-15T22:15:48.000+00:00
120,4,sell,2024-03-16T19:56:49.000+00:00
90,1,sell,2024-03-17T02:48:59.000+00:00
100,1,sell,2024-03-17T04:59:30.000+00:00
120,2,sell,2024-03-17T05:04:30.000+00:00
100,1,sell,2024-03-17T06:57:01.000+00:00
119,1,sell,2024-03-18T16:10:29.000+00:00
100,1,sell,2024-03-18T20:01:47.000+00:00
100,1,sell,2024-03-19T22:40:16.000+00:00
99,3,sell,2024-03-20T04:22:21.000+00:00
100,4,sell,2024-03-20T18:58:47.000+00:00
75,2,sell,2024-03-20T19:28:55.000+00:00
50,1,buy,2024-03-20T20:53:12.000+00:00
94,1,sell,2024-03-21T19:48:55.000+00:00
120,1,sell,2024-03-22T20:19:39.000+00:00
75,1,sell,2024-03-23T10:45:10.000+00:00
90,1,sell,2024-03-23T17:51:44.000+00:00
100,1,sell,2024-03-23T18:02:48.000+00:00
90,1,sell,2024-03-23T23:45:15.000+00:00
90,1,sell,2024-03-24T03:45:06.000+00:00
100,2,sell,2024-03-24T09:27:10.000+00:00
90,1,sell,2024-03-24T11:01:22.000+00:00
90,1,sell,2024-03-25T04:29:32.000+00:00
85,8,sell,2024-03-25T05:28:11.000+00:00
100,1,sell,2024-03-26T01:08:53.000+00:00
100,5,sell,2024-03-26T10:54:37.000+00:00
100,1,sell,2024-03-27T01:22:50.000+00:00
69,1,sell,2024-03-27T10:07:56.000+00:00
100,97,sell,2024-03-27T10:24:38.000+00:00
45,1,buy,2024-03-27T13:19:09.000+00:00
100,4,sell,2024-03-28T21:05:09.000+00:00
99,1,sell,2024-03-29T07:56:08.000+00:00
75,1,sell,2024-03-29T10:26:16.000+00:00
95,3,sell,2024-03-29T11:22:08.000+00:00
100,2,sell,2024-03-29T13:02:57.000+00:00
100,10,sell,2024-03-29T15:52:15.000+00:00
99,4,sell,2024-03-30T00:36:18.000+00:00
100,6,sell,2024-03-30T05:35:33.000+00:00
120,5,sell,2024-03-30T06:22:42.000+00:00
83,1,sell,2024-03-30T21:19:49.000+00:00
90,4,sell,2024-03-31T15:01:53.000+00:00
51,989,buy,2024-03-31T15:03:09.000+00:00
90,1,sell,2024-04-01T01:06:25.000+00:00
90,1,sell,2024-04-01T04:05:45.000+00:00
90,1,sell,2024-04-01T10:07:31.000+00:00
50,10,buy,2024-04-01T13:48:07.000+00:00
95,1,sell,2024-04-01T21:59:24.000+00:00
80,1,sell,2024-04-01T22:40:39.000+00:00
99,1,sell,2024-04-02T02:22:07.000+00:00
95,1,sell,2024-04-02T05:50:21.000+00:00
80,1,sell,2024-04-02T06:51:14.000+00:00
90,1,sell,2024-04-02T06:59:23.000+00:00
95,2,sell,2024-04-02T07:01:50.000+00:00
100,1,sell,2024-04-02T09:24:40.000+00:00
94,1,sell,2024-04-02T13:16:56.000+00:00
90,1,sell,2024-04-02T16:28:40.000+00:00
90,1,sell,2024-04-03T06:00:45.000+00:00
90,1,sell,2024-04-03T11:01:59.000+00:00
90,1,sell,2024-04-03T12:25:40.000+00:00
95,2,sell,2024-04-03T13:09:48.000+00:00
90,1,sell,2024-04-03T23:41:16.000+00:00
100,6,sell,2024-04-04T09:57:27.000+00:00
98,1,sell,2024-04-05T06:45:37.000+00:00
99,2,sell,2024-04-05T14:45:26.000+00:00
95,3,sell,2024-04-05T14:57:03.000+00:00
70,1,sell,2024-04-06T17:03:24.000+00:00
77,1,sell,2024-04-06T18:56:11.000+00:00
75,2,sell,2024-04-07T11:14:27.000+00:00
100,1,sell,2024-04-07T20:35:47.000+00:00
100,1,sell,2024-04-07T22:05:48.000+00:00
100,4,sell,2024-04-08T07:30:04.000+00:00
90,2,sell,2024-04-08T11:14:26.000+00:00
90,1,sell,2024-04-08T21:01:41.000+00:00
70,2,sell,2024-04-09T05:39:47.000+00:00
128,1,sell,2024-04-09T13:00:57.000+00:00
90,1,sell,2024-04-09T14:18:28.000+00:00
89,4,sell,2024-04-09T16:54:57.000+00:00
70,1,sell,2024-04-09T17:59:33.000+00:00
95,1,sell,2024-04-09T19:07:39.000+00:00
90,2,sell,2024-04-09T21:19:49.000+00:00
90,2,sell,2024-04-09T21:58:20.000+00:00
90,1,sell,2024-04-10T01:55:47.000+00:00
47,1,buy,2024-04-10T13:02:14.000+00:00
87,1,sell,2024-04-10T16:39:37.000+00:00
99,1,sell,2024-04-10T23:52:05.000+00:00
90,2,sell,2024-04-11T04:28:49.000+00:00
90,5,sell,2024-04-11T10:41:24.000+00:00
80,2,sell,2024-04-11T15:11:41.000+00:00
90,1,sell,2024-04-12T06:49:31.000+00:00
90,5,sell,2024-04-12T11:47:51.000+00:00
100,1,sell,2024-04-12T16:29:53.000+00:00
100,4,sell,2024-04-12T23:35:00.000+00:00
90,1,sell,2024-04-13T14:05:55.000+00:00
89,19,sell,2024-04-13T17:11:37.000+00:00
90,1,sell,2024-04-13T18:17:36.000+00:00
89,1,sell,2024-04-13T20:41:43.000+00:00
95,2,sell,2024-04-13T21:08:48.000+00:00
95,2,sell,2024-04-13T23:19:20.000+00:00
90,1,sell,2024-04-14T02:59:41.000+00:00
90,1,sell,2024-04-14T05:14:19.000+00:00
87,1,sell,2024-04-14T05:56:16.000+00:00
85,4,sell,2024-04-14T07:01:20.000+00:00
88,2,sell,2024-04-14T11:35:24.000+00:00
100,1,sell,2024-04-14T13:41:07.000+00:00
80,1,sell,2024-04-14T23:02:36.000+00:00
90,1,sell,2024-04-14T23:18:33.000+00:00
125,1,sell,2024-04-15T01:45:44.000+00:00
90,1,sell,2024-04-15T07:08:37.000+00:00
95,1,sell,2024-04-15T11:38:54.000+00:00
100,3,sell,2024-04-15T11:57:45.000+00:00
90,1,sell,2024-04-16T03:12:10.000+00:00
100,1,sell,2024-04-16T05:35:26.000+00:00
120,1,sell,2024-04-16T08:59:27.000+00:00
100,6,sell,2024-04-16T17:20:40.000+00:00
90,2,sell,2024-04-17T05:07:39.000+00:00
99,1,sell,2024-04-17T07:39:11.000+00:00
85,1,sell,2024-04-17T12:46:39.000+00:00
90,1,sell,2024-04-17T14:17:26.000+00:00
83,1,sell,2024-04-17T14:21:32.000+00:00
130,1,sell,2024-04-17T19:54:01.000+00:00
900,1,sell,2024-04-17T23:06:21.000+00:00
85,1,sell,2024-04-19T01:38:34.000+00:00
100,5,sell,2024-04-19T13:11:56.000+00:00
100,1,sell,2024-04-19T14:04:57.000+00:00
80,1,sell,2024-04-19T15:47:09.000+00:00
100,1,sell,2024-04-19T15:51:08.000+00:00
110,1,sell,2024-04-19T16:32:28.000+00:00
100,2,sell,2024-04-19T20:25:02.000+00:00
80,1,sell,2024-04-19T22:09:57.000+00:00
90,12,sell,2024-04-20T03:42:45.000+00:00
99,1,sell,2024-04-20T05:25:38.000+00:00
90,1,sell,2024-04-20T05:37:12.000+00:00
100,1,sell,2024-04-20T05:38:27.000+00:00
90,1,sell,2024-04-20T14:28:44.000+00:00
90,1,sell,2024-04-20T23:04:35.000+00:00
80,1,sell,2024-04-21T07:30:19.000+00:00
89,1,sell,2024-04-21T07:40:29.000+00:00
85,1,sell,2024-04-21T08:09:51.000+00:00
80,1,sell,2024-04-21T11:58:12.000+00:00
78,1,sell,2024-04-21T15:27:51.000+00:00
90,1,sell,2024-04-21T15:36:06.000+00:00
85,1,sell,2024-04-21T19:09:33.000+00:00
65,3,sell,2024-04-22T03:20:40.000+00:00
25,1,buy,2024-04-22T13:30:51.000+00:00
70,10,sell,2024-04-22T16:46:14.000+00:00
30,10,buy,2024-04-22T17:57:26.000+00:00
90,2,sell,2024-04-23T11:03:50.000+00:00
90,1,sell,2024-04-23T12:25:01.000+00:00
90,1,sell,2024-04-23T14:43:38.000+00:00
80,1,sell,2024-04-23T15:24:43.000+00:00
80,2,sell,2024-04-23T18:42:42.000+00:00
80,7,sell,2024-04-23T21:16:25.000+00:00
100,1,sell,2024-04-23T22:02:48.000+00:00
85,1,sell,2024-04-24T01:00:19.000+00:00
200,1,sell,2024-04-24T01:42:17.000+00:00
90,1,sell,2024-04-24T07:18:49.000+00:00
80,1,sell,2024-04-24T12:23:22.000+00:00
80,1,sell,2024-04-24T17:31:22.000+00:00
80,2,sell,2024-04-24T20:24:16.000+00:00
85,1,sell,2024-04-24T21:20:15.000+00:00
90,2,sell,2024-04-25T02:17:13.000+00:00
90,3,sell,2024-04-25T09:14:55.000+00:00
89,2,sell,2024-04-25T09:54:54.000+00:00
90,1,sell,2024-04-25T12:01:58.000+00:00
85,1,sell,2024-04-25T12:02:32.000+00:00
80,1,sell,2024-04-25T12:41:12.000+00:00
80,1,sell,2024-04-25T17:25:07.000+00:00
79,1,sell,2024-04-25T18:46:54.000+00:00
85,1,sell,2024-04-25T21:46:07.000+00:00
75,2,sell,2024-04-25T23:27:05.000+00:00
83,1,sell,2024-04-26T04:44:44.000+00:00
90,1,sell,2024-04-26T10:12:58.000+00:00
110,2,sell,2024-04-26T12:18:54.000+00:00
80,4,sell,2024-04-26T13:09:40.000+00:00
90,1,sell,2024-04-26T18:31:35.000+00:00
65,11,sell,2024-04-26T20:24:12.000+00:00
80,1,sell,2024-04-26T20:59:48.000+00:00
55,1,buy,2024-04-26T22:30:25.000+00:00
90,1,sell,2024-04-27T04:56:52.000+00:00
80,1,sell,2024-04-27T08:50:00.000+00:00
90,1,sell,2024-04-27T13:41:46.000+00:00
80,1,sell,2024-04-27T16:47:33.000+00:00
80,1,sell,2024-04-27T19:01:54.000+00:00
80,1,sell,2024-04-27T21:34:18.000+00:00
95,2,sell,2024-04-28T02:06:02.000+00:00
80,3,sell,2024-04-28T10:11:13.000+00:00
80,1,sell,2024-04-28T12:46:27.000+00:00
89,1,sell,2024-04-28T23:29:58.000+00:00
70,1,sell,2024-04-29T09:15:43.000+00:00
150,1,sell,2024-04-29T15:54:32.000+00:00
80,1,sell,2024-04-29T16:12:00.000+00:00
85,3,sell,2024-04-29T17:42:49.000+00:00
50,993,buy,2024-04-29T19:07:35.000+00:00
100,1,sell,2024-04-30T01:30:42.000+00:00
74,1,sell,2024-04-30T02:11:21.000+00:00
80,1,sell,2024-04-30T02:16:49.000+00:00
85,2,sell,2024-04-30T07:16:11.000+00:00
90,2,sell,2024-04-30T08:53:38.000+00:00
78,1,sell,2024-04-30T09:53:52.000+00:00
80,2,sell,2024-04-30T10:54:11.000+00:00
70,1,sell,2024-04-30T20:26:17.000+00:00
80,3,sell,2024-04-30T20:43:29.000+00:00
100,1,sell,2024-05-01T08:29:28.000+00:00
70,2,sell,2024-05-01T09:29:45.000+00:00
75,1,sell,2024-05-01T11:28:04.000+00:00
100,1,sell,2024-05-01T11:31:21.000+00:00
100,1,sell,2024-05-01T12:18:22.000+00:00
80,1,sell,2024-05-01T13:32:37.000+00:00
75,4,sell,2024-05-01T23:24:45.000+00:00
80,1,sell,2024-05-02T06:39:06.000+00:00
70,1,sell,2024-05-02T07:47:11.000+00:00
90,1,sell,2024-05-02T08:56:44.000+00:00
80,1,sell,2024-05-02T15:28:44.000+00:00
80,1,sell,2024-05-02T21:34:52.000+00:00
95,2,sell,2024-05-02T21:42:36.000+00:00
80,4,sell,2024-05-03T05:38:52.000+00:00
70,3,sell,2024-05-03T07:56:29.000+00:00
70,1,sell,2024-05-03T10:13:18.000+00:00
80,1,sell,2024-05-03T11:21:40.000+00:00
75,1,sell,2024-05-03T13:16:45.000+00:00
75,1,sell,2024-05-03T13:53:25.000+00:00
50,1,buy,2024-05-03T18:52:44.000+00:00
85,1,sell,2024-05-03T20:04:04.000+00:00
50,6,buy,2024-05-04T04:06:10.000+00:00
79,1,sell,2024-05-04T07:10:46.000+00:00
80,1,sell,2024-05-04T10:58:46.000+00:00
72,2,sell,2024-05-04T14:18:47.000+00:00
80,1,sell,2024-05-04T16:58:37.000+00:00
80,1,sell,2024-05-04T17:49:46.000+00:00
89,1,sell,2024-05-04T18:37:24.000+00:00
80,1,sell,2024-05-05T05:24:42.000+00:00
75,1,sell,2024-05-05T07:11:21.000+00:00
70,1,sell,2024-05-05T08:03:00.000+00:00
75,1,sell,2024-05-05T10:42:12.000+00:00
80,3,sell,2024-05-05T11:45:54.000+00:00
75,1,sell,2024-05-05T13:52:42.000+00:00
100,1,sell,2024-05-05T20:39:31.000+00:00
58,1,buy,2024-05-05T21:19:27.000+00:00
60,2,sell,2024-05-06T09:51:16.000+00:00
80,1,sell,2024-05-06T16:06:10.000+00:00
80,1,sell,2024-05-06T18:58:07.000+00:00
80,1,sell,2024-05-06T19:42:27.000+00:00
75,1,sell,2024-05-06T20:11:29.000+00:00
80,1,sell,2024-05-06T22:46:16.000+00:00
40,1,buy,2024-05-07T03:15:35.000+00:00
80,1,sell,2024-05-07T03:26:59.000+00:00
64,10,sell,2024-05-07T07:04:58.000+00:00
90,1,sell,2024-05-07T17:43:24.000+00:00
80,1,sell,2024-05-07T18:42:04.000+00:00
80,5,sell,2024-05-07T23:40:09.000+00:00
80,1,sell,2024-05-08T03:21:28.000+00:00
75,1,sell,2024-05-08T03:32:13.000+00:00
79,1,sell,2024-05-08T08:00:52.000+00:00
85,1,sell,2024-05-08T10:40:14.000+00:00
77,1,sell,2024-05-08T10:53:20.000+00:00
75,1,sell,2024-05-08T14:32:11.000+00:00
35,1,buy,2024-05-08T17:50:10.000+00:00
90,1,sell,2024-05-08T18:35:49.000+00:00
73,1,sell,2024-05-09T00:20:45.000+00:00
83,1,sell,2024-05-09T00:58:25.000+00:00
80,2,sell,2024-05-09T07:32:59.000+00:00
30,1,buy,2024-05-09T07:59:44.000+00:00
80,1,sell,2024-05-09T13:14:10.000+00:00
90,1,sell,2024-05-09T14:07:19.000+00:00
70,1,sell,2024-05-09T15:58:25.000+00:00
75,2,sell,2024-05-09T16:44:21.000+00:00
75,1,sell,2024-05-09T17:11:08.000+00:00
75,1,sell,2024-05-09T18:47:46.000+00:00
80,2,sell,2024-05-09T20:23:09.000+00:00
80,1,sell,2024-05-09T21:18:05.000+00:00
75,1,sell,2024-05-09T22:05:55.000+00:00
70,1,sell,2024-05-10T02:22:20.000+00:00
80,4,sell,2024-05-10T04:34:43.000+00:00
45,6,buy,2024-05-10T05:25:47.000+00:00
70,1,sell,2024-05-10T05:40:13.000+00:00
90,1,sell,2024-05-10T06:13:50.000+00:00
110,1,sell,2024-05-10T07:00:42.000+00:00
90,10,sell,2024-05-10T07:19:47.000+00:00
75,1,sell,2024-05-10T07:42:53.000+00:00
50,1,buy,2024-05-10T07:51:08.000+00:00
75,1,sell,2024-05-10T08:03:23.000+00:00
85,1,sell,2024-05-10T10:05:35.000+00:00
65,1,sell,2024-05-10T12:28:35.000+00:00
75,1,sell,2024-05-10T13:50:00.000+00:00
80,1,sell,2024-05-10T14:45:29.000+00:00
70,1,sell,2024-05-10T15:19:52.000+00:00
75,1,sell,2024-05-10T16:13:13.000+00:00
72,1,sell,2024-05-10T17:03:16.000+00:00
75,1,sell,2024-05-10T19:17:11.000+00:00
100,1,sell,2024-05-10T19:21:51.000+00:00
74,3,sell,2024-05-10T19:41:19.000+00:00
69,3,sell,2024-05-10T21:31:53.000+00:00
70,4,sell,2024-05-10T22:36:46.000+00:00
75,1,sell,2024-05-11T03:21:04.000+00:00
85,2,sell,2024-05-11T03:54:11.000+00:00
70,1,sell,2024-05-11T04:13:39.000+00:00
50,99,buy,2024-05-11T06:29:17.000+00:00
35,1,buy,2024-05-11T06:41:39.000+00:00
80,1,sell,2024-05-11T06:55:41.000+00:00
80,1,sell,2024-05-11T07:14:50.000+00:00
70,1,sell,2024-05-11T07:30:28.000+00:00
70,3,sell,2024-05-11T09:01:06.000+00:00
80,1,sell,2024-05-11T09:43:22.000+00:00
100,1,sell,2024-05-11T10:42:21.000+00:00
85,2,sell,2024-05-11T10:56:28.000+00:00
90,1,sell,2024-05-11T11:00:38.000+00:00
50,10,buy,2024-05-11T11:01:17.000+00:00
70,1,sell,2024-05-11T11:52:02.000+00:00
85,1,sell,2024-05-11T13:04:42.000+00:00
55,89,buy,2024-05-11T16:48:14.000+00:00
80,1,sell,2024-05-11T16:50:12.000+00:00
80,1,sell,2024-05-11T17:08:39.000+00:00
80,1,sell,2024-05-11T21:14:10.000+00:00
70,1,sell,2024-05-11T21:15:46.000+00:00
50,1,buy,2024-05-11T21:34:42.000+00:00
80,2,sell,2024-05-11T22:07:38.000+00:00
78,2,sell,2024-05-11T22:35:58.000+00:00
80,2,sell,2024-05-12T00:59:56.000+00:00
41,1,buy,2024-05-12T02:08:39.000+00:00
80,1,sell,2024-05-12T02:59:25.000+00:00
55,10,buy,2024-05-12T03:07:52.000+00:00
80,1,sell,2024-05-12T04:11:55.000+00:00
55,1,buy,2024-05-12T04:43:11.000+00:00
40,1,buy,2024-05-12T05:05:54.000+00:00
50,25,buy,2024-05-12T08:24:17.000+00:00
70,1,sell,2024-05-12T08:34:46.000+00:00
70,1,sell,2024-05-12T08:50:51.000+00:00
80,4,sell,2024-05-12T12:52:52.000+00:00
70,2,sell,2024-05-12T12:54:07.000+00:00
70,2,sell,2024-05-12T15:10:07.000+00:00
70,1,sell,2024-05-12T16:15:44.000+00:00
69,1,sell,2024-05-12T16:52:39.000+00:00
100,1,sell,2024-05-12T17:20:08.000+00:00
52,5,buy,2024-05-12T17:44:37.000+00:00
70,1,sell,2024-05-12T19:01:28.000+00:00
80,1,sell,2024-05-12T19:59:16.000+00:00
80,1,sell,2024-05-12T22:49:17.000+00:00
79,1,sell,2024-05-13T00:00:27.000+00:00
90,5,sell,2024-05-13T00:16:58.000+00:00
80,1,sell,2024-05-13T05:16:39.000+00:00
90,4,sell,2024-05-13T07:31:41.000+00:00
70,1,sell,2024-05-13T07:39:07.000+00:00
55,1,buy,2024-05-13T14:13:34.000+00:00
100,1,sell,2024-05-13T16:36:29.000+00:00
85,1,sell,2024-05-13T18:34:38.000+00:00
70,1,sell,2024-05-13T19:09:10.000+00:00
80,1,sell,2024-05-13T19:53:35.000+00:00
80,1,sell,2024-05-13T21:00:37.000+00:00
90,1,sell,2024-05-13T21:01:06.000+00:00
80,1,sell,2024-05-13T21:03:19.000+00:00
80,1,sell,2024-05-13T22:12:32.000+00:00
80,1,sell,2024-05-13T22:28:25.000+00:00
80,1,sell,2024-05-14T04:22:33.000+00:00
80,1,sell,2024-05-14T07:58:59.000+00:00
90,1,sell,2024-05-14T13:59:00.000+00:00
80,1,sell,2024-05-14T14:47:56.000+00:00
70,1,sell,2024-05-14T16:43:38.000+00:00
80,3,sell,2024-05-14T16:54:52.000+00:00
80,1,sell,2024-05-14T20:00:06.000+00:00
75,1,sell,2024-05-14T21:40:32.000+00:00
75,1,sell,2024-05-14T21:48:01.000+00:00
75,1,sell,2024-05-15T00:04:22.000+00:00
90,1,sell,2024-05-15T00:53:12.000+00:00
80,1,sell,2024-05-15T04:30:01.000+00:00
85,1,sell,2024-05-15T05:06:00.000+00:00
80,3,sell,2024-05-15T06:32:01.000+00:00
53,20,buy,2024-05-15T08:37:57.000+00:00
75,5,sell,2024-05-15T09:43:54.000+00:00
90,5,sell,2024-05-15T10:48:29.000+00:00
75,1,sell,2024-05-15T11:12:25.000+00:00
80,1,sell,2024-05-15T12:27:31.000+00:00
82,2,sell,2024-05-15T12:40:38.000+00:00
69,1,sell,2024-05-15T13:49:47.000+00:00
69,1,sell,2024-05-15T14:02:30.000+00:00
100,1,sell,2024-05-15T14:14:55.000+00:00
90,1,sell,2024-05-15T14:24:39.000+00:00
50,1,buy,2024-05-15T16:17:30.000+00:00
35,1,buy,2024-05-15T16:35:03.000+00:00
79,1,sell,2024-05-15T17:14:23.000+00:00
70,1,sell,2024-05-15T17:18:42.000+00:00
65,1,sell,2024-05-15T19:44:29.000+00:00
70,1,sell,2024-05-16T00:15:03.000+00:00
70,1,sell,2024-05-16T01:05:01.000+00:00
70,1,buy,2024-05-16T01:06:33.000+00:00
125,1,sell,2024-05-16T01:27:39.000+00:00
80,10,sell,2024-05-16T04:15:35.000+00:00
80,1,buy,2024-05-16T04:22:11.000+00:00
80,1,sell,2024-05-16T05:03:12.000+00:00
85,2,sell,2024-05-16T07:13:43.000+00:00
65,2,sell,2024-05-16T07:59:58.000+00:00
80,1,sell,2024-05-16T08:38:35.000+00:00
85,1,sell,2024-05-16T08:41:36.000+00:00
70,4,sell,2024-05-16T09:50:00.000+00:00
120,1,sell,2024-05-16T10:05:19.000+00:00
70,1,sell,2024-05-16T10:54:25.000+00:00
100,1,sell,2024-05-16T11:17:42.000+00:00
80,1,sell,2024-05-16T12:14:33.000+00:00
74,1,sell,2024-05-16T12:36:33.000+00:00
90,1,sell,2024-05-16T14:33:16.000+00:00
70,1,sell,2024-05-16T18:11:59.000+00:00
50,2,buy,2024-05-16T18:25:53.000+00:00
75,1,sell,2024-05-16T19:49:51.000+00:00
75,1,sell,2024-05-16T22:11:24.000+00:00
90,1,sell,2024-05-16T23:55:20.000+00:00
51,3,buy,2024-05-16T23:59:13.000+00:00
68,1,sell,2024-05-17T00:28:24.000+00:00
70,1,sell,2024-05-17T01:47:57.000+00:00
100,1,sell,2024-05-17T03:15:04.000+00:00
90,9,sell,2024-05-17T07:13:25.000+00:00
80,1,sell,2024-05-17T08:46:39.000+00:00
100,1,sell,2024-05-17T08:55:14.000+00:00
60,1,sell,2024-05-17T10:12:58.000+00:00
110,1,sell,2024-05-17T11:41:43.000+00:00
80,6,sell,2024-05-17T11:59:16.000+00:00
65,1,sell,2024-05-17T12:08:59.000+00:00
50,1,buy,2024-05-17T12:36:45.000+00:00
58,1,buy,2024-05-17T14:41:58.000+00:00
90,1,sell,2024-05-17T16:13:31.000+00:00
80,1,sell,2024-05-17T18:20:02.000+00:00
90,1,sell,2024-05-17T19:35:01.000+00:00
70,1,sell,2024-05-17T21:16:31.000+00:00
100,1,sell,2024-05-18T02:32:41.000+00:00
90,1,sell,2024-05-18T02:50:48.000+00:00
75,1,sell,2024-05-18T04:01:50.000+00:00
70,1,sell,2024-05-18T04:54:13.000+00:00
90,1,sell,2024-05-18T05:10:34.000+00:00
50,1,buy,2024-05-18T07:25:57.000+00:00
85,1,sell,2024-05-18T09:50:35.000+00:00
50,10,buy,2024-05-18T10:08:06.000+00:00
70,1,sell,2024-05-18T10:18:42.000+00:00
70,1,sell,2024-05-18T10:49:35.000+00:00
74,1,sell,2024-05-18T12:00:17.000+00:00
65,1,sell,2024-05-18T12:13:51.000+00:00
65,1,sell,2024-05-18T12:29:43.000+00:00
68,2,sell,2024-05-18T14:35:15.000+00:00
85,1,sell,2024-05-18T14:41:12.000+00:00
90,2,sell,2024-05-18T14:43:43.000+00:00
80,1,sell,2024-05-18T15:10:06.000+00:00
90,2,sell,2024-05-18T15:42:34.000+00:00
67,1,sell,2024-05-18T16:14:53.000+00:00
90,1,sell,2024-05-18T16:51:45.000+00:00
65,1,sell,2024-05-18T17:08:42.000+00:00
70,1,sell,2024-05-18T17:21:55.000+00:00
70,1,sell,2024-05-18T17:23:56.000+00:00
69,3,sell,2024-05-18T17:51:13.000+00:00
70,1,sell,2024-05-18T18:04:23.000+00:00
80,2,sell,2024-05-18T18:46:37.000+00:00
90,4,sell,2024-05-18T20:20:49.000+00:00
80,7,sell,2024-05-18T20:22:26.000+00:00
85,1,sell,2024-05-18T20:49:33.000+00:00
100,1,sell,2024-05-18T22:56:40.000+00:00
80,1,sell,2024-05-19T00:53:13.000+00:00
55,1,buy,2024-05-19T01:54:12.000+00:00
45,28,buy,2024-05-19T02:36:15.000+00:00
88,1,sell,2024-05-19T03:29:26.000+00:00
50,3,buy,2024-05-19T03:30:15.000+00:00
80,2,sell,2024-05-19T04:05:12.000+00:00
70,1,sell,2024-05-19T05:39:28.000+00:00
70,2,sell,2024-05-19T06:40:02.000+00:00
70,1,sell,2024-05-19T07:50:36.000+00:00
90,1,sell,2024-05-19T08:16:26.000+00:00
80,11,sell,2024-05-19T08:18:50.000+00:00
70,1,sell,2024-05-19T08:48:25.000+00:00
75,1,sell,2024-05-19T10:13:02.000+00:00
46,1,buy,2024-05-19T10:59:16.000+00:00
90,1,sell,2024-05-19T11:23:40.000+00:00
70,1,sell,2024-05-19T12:18:15.000+00:00
88,1,sell,2024-05-19T12:33:21.000+00:00
54,10,buy,2024-05-19T13:47:53.000+00:00
52,6,buy,2024-05-19T14:05:28.000+00:00
90,1,sell,2024-05-19T14:19:17.000+00:00
70,1,sell,2024-05-19T14:41:41.000+00:00
65,2,sell,2024-05-19T15:40:45.000+00:00
75,1,sell,2024-05-19T16:15:45.000+00:00
80,1,sell,2024-05-19T17:19:31.000+00:00
69,1,sell,2024-05-19T17:25:37.000+00:00
75,1,sell,2024-05-19T18:52:46.000+00:00
65,1,sell,2024-05-19T19:02:36.000+00:00
50,1,buy,2024-05-19T19:30:01.000+00:00
69,1,sell,2024-05-19T20:26:24.000+00:00
80,1,sell,2024-05-19T20:50:03.000+00:00
70,1,sell,2024-05-19T22:46:14.000+00:00
70,1,sell,2024-05-20T02:06:52.000+00:00
70,1,sell,2024-05-20T03:04:29.000+00:00
80,1,sell,2024-05-20T04:05:33.000+00:00
90,1,sell,2024-05-20T04:56:17.000+00:00
80,5,sell,2024-05-20T05:12:26.000+00:00
70,1,sell,2024-05-20T05:56:09.000+00:00
100,1,sell,2024-05-20T07:25:57.000+00:00
80,1,sell,2024-05-20T07:36:57.000+00:00
60,1,buy,2024-05-20T07:37:37.000+00:00
69,1,sell,2024-05-20T07:58:01.000+00:00
90,1,sell,2024-05-20T08:01:21.000+00:00
99,1,sell,2024-05-20T08:05:34.000+00:00
75,2,sell,2024-05-20T09:31:17.000+00:00
70,1,sell,2024-05-20T10:59:08.000+00:00
70,1,sell,2024-05-20T16:02:09.000+00:00
47,1,buy,2024-05-20T16:08:55.000+00:00
70,1,sell,2024-05-20T16:10:51.000+00:00
120,1,sell,2024-05-21T00:43:22.000+00:00
70,1,sell,2024-05-21T01:56:52.000+00:00
70,1,sell,2024-05-21T04:01:13.000+00:00
80,1,sell,2024-05-21T04:58:56.000+00:00
70,1,sell,2024-05-21T05:21:38.000+00:00
70,1,sell,2024-05-21T07:14:12.000+00:00
80,1,sell,2024-05-21T09:06:01.000+00:00
70,1,sell,2024-05-21T11:01:16.000+00:00
70,1,sell,2024-05-21T11:13:07.000+00:00
64,2,sell,2024-05-21T12:34:12.000+00:00
70,1,sell,2024-05-21T15:39:32.000+00:00
62,1,sell,2024-05-21T17:15:54.000+00:00
70,1,sell,2024-05-21T18:58:35.000+00:00
70,1,sell,2024-05-22T01:10:58.000+00:00
80,1,sell,2024-05-22T01:33:35.000+00:00
56,100,buy,2024-05-22T03:50:46.000+00:00
65,1,sell,2024-05-22T04:02:58.000+00:00
99,1,sell,2024-05-22T04:10:34.000+00:00
50,1,buy,2024-05-22T05:03:45.000+00:00
50,20,buy,2024-05-22T05:18:26.000+00:00
80,1,sell,2024-05-22T09:07:03.000+00:00
70,1,sell,2024-05-22T10:49:24.000+00:00
100,10,sell,2024-05-22T10:53:54.000+00:00
90,1,sell,2024-05-22T12:04:03.000+00:00
60,1,sell,2024-05-22T14:33:08.000+00:00
68,1,sell,2024-05-22T14:39:07.000+00:00
70,1,sell,2024-05-22T17:26:33.000+00:00
80,1,sell,2024-05-22T18:42:02.000+00:00
69,1,sell,2024-05-22T21:40:30.000+00:00
52,1,buy,2024-05-23T00:51:43.000+00:00
70,1,sell,2024-05-23T02:01:38.000+00:00
80,2,sell,2024-05-23T02:04:50.000+00:00
70,2,sell,2024-05-23T04:57:56.000+00:00
60,1,sell,2024-05-23T08:40:01.000+00:00
65,1,sell,2024-05-23T09:06:12.000+00:00
75,2,sell,2024-05-23T09:18:56.000+00:00
90,2,sell,2024-05-23T11:14:32.000+00:00
70,1,sell,2024-05-23T11:47:23.000+00:00
80,1,sell,2024-05-23T14:37:07.000+00:00
80,1,sell,2024-05-23T15:00:45.000+00:00
51,3,buy,2024-05-23T15:08:54.000+00:00
65,1,sell,2024-05-23T15:33:32.000+00:00
75,1,sell,2024-05-23T16:26:26.000+00:00
90,5,sell,2024-05-23T17:43:02.000+00:00
75,1,sell,2024-05-23T21:41:17.000+00:00
80,1,sell,2024-05-23T21:41:57.000+00:00
70,1,sell,2024-05-23T21:46:08.000+00:00
75,1,sell,2024-05-23T21:59:09.000+00:00
85,3,sell,2024-05-23T22:38:06.000+00:00
70,1,sell,2024-05-24T02:08:54.000+00:00
66,1,sell,2024-05-24T05:00:05.000+00:00
75,6,sell,2024-05-24T05:19:27.000+00:00
80,3,sell,2024-05-24T05:54:41.000+00:00
100,1,sell,2024-05-24T06:19:01.000+00:00
95,2,sell,2024-05-24T08:25:46.000+00:00
74,1,sell,2024-05-24T08:56:23.000+00:00
70,2,sell,2024-05-24T10:33:57.000+00:00
45,1,buy,2024-05-24T10:35:02.000+00:00
65,2,sell,2024-05-24T13:46:48.000+00:00
68,1,sell,2024-05-24T14:10:43.000+00:00
70,1,sell,2024-05-24T15:03:28.000+00:00
80,2,sell,2024-05-24T15:13:17.000+00:00
65,1,sell,2024-05-24T15:43:55.000+00:00
70,1,sell,2024-05-24T15:47:15.000+00:00
60,2,buy,2024-05-24T15:57:50.000+00:00
70,1,sell,2024-05-24T17:00:36.000+00:00
64,2,sell,2024-05-24T17:06:05.000+00:00
48,1,buy,2024-05-24T18:59:19.000+00:00
70,1,sell,2024-05-24T19:13:26.000+00:00
60,100,buy,2024-05-24T20:57:54.000+00:00
65,1,sell,2024-05-25T04:02:45.000+00:00
35,1,buy,2024-05-25T04:22:39.000+00:00
65,1,sell,2024-05-25T05:45:03.000+00:00
100,1,sell,2024-05-25T07:25:26.000+00:00
55,65,buy,2024-05-25T07:35:22.000+00:00
70,1,sell,2024-05-25T07:39:37.000+00:00
80,1,sell,2024-05-25T07:41:36.000+00:00
99,1,sell,2024-05-25T08:42:43.000+00:00
70,1,sell,2024-05-25T08:59:33.000+00:00
75,1,sell,2024-05-25T10:34:14.000+00:00
60,5,buy,2024-05-25T10:55:58.000+00:00
55,1,buy,2024-05-25T10:56:56.000+00:00
75,1,sell,2024-05-25T11:00:11.000+00:00
55,1,buy,2024-05-25T11:25:58.000+00:00
70,1,sell,2024-05-25T12:47:04.000+00:00
70,1,sell,2024-05-25T13:18:50.000+00:00
69,1,sell,2024-05-25T14:10:07.000+00:00
70,1,sell,2024-05-25T14:27:19.000+00:00
150,5,sell,2024-05-25T14:52:35.000+00:00
80,1,sell,2024-05-25T15:02:12.000+00:00
80,1,sell,2024-05-25T15:02:46.000+00:00
70,1,sell,2024-05-25T16:40:24.000+00:00
75,1,sell,2024-05-25T18:55:56.000+00:00
60,1,sell,2024-05-25T21:50:33.000+00:00
75,1,sell,2024-05-25T22:19:01.000+00:00
60,1,sell,2024-05-25T22:20:22.000+00:00
75,1,sell,2024-05-26T00:05:22.000+00:00
60,1,sell,2024-05-26T00:20:22.000+00:00
69,2,sell,2024-05-26T01:42:14.000+00:00
80,1,sell,2024-05-26T02:08:48.000+00:00
70,1,sell,2024-05-26T03:56:21.000+00:00
70,1,sell,2024-05-26T04:14:00.000+00:00
46,99,buy,2024-05-26T07:58:49.000+00:00
51,1,buy,2024-05-26T08:39:28.000+00:00
80,1,sell,2024-05-26T08:48:45.000+00:00
70,1,sell,2024-05-26T09:08:35.000+00:00
100,1,sell,2024-05-26T10:05:25.000+00:00
80,1,sell,2024-05-26T11:43:57.000+00:00
80,2,sell,2024-05-26T12:39:32.000+00:00
90,1,sell,2024-05-26T12:49:44.000+00:00
70,1,sell,2024-05-26T13:21:48.000+00:00
79,1,sell,2024-05-26T13:47:21.000+00:00
75,1,sell,2024-05-26T14:32:31.000+00:00
70,1,sell,2024-05-26T15:19:31.000+00:00
55,1,sell,2024-05-26T15:24:01.000+00:00
63,1,sell,2024-05-26T15:44:41.000+00:00
73,1,sell,2024-05-26T18:44:04.000+00:00
70,1,sell,2024-05-26T20:49:15.000+00:00
70,1,sell,2024-05-26T22:55:39.000+00:00
70,1,sell,2024-05-26T22:58:15.000+00:00
70,2,sell,2024-05-26T23:51:11.000+00:00
75,1,sell,2024-05-26T23:55:48.000+00:00
70,1,sell,2024-05-27T01:24:15.000+00:00
68,1,sell,2024-05-27T01:27:03.000+00:00
70,1,sell,2024-05-27T01:54:58.000+00:00
70,1,sell,2024-05-27T09:00:01.000+00:00
70,1,sell,2024-05-27T09:37:55.000+00:00
70,1,sell,2024-05-27T10:41:26.000+00:00
56,1,buy,2024-05-27T11:21:10.000+00:00
80,1,sell,2024-05-27T13:08:06.000+00:00
75,1,sell,2024-05-27T13:34:05.000+00:00
70,1,sell,2024-05-27T15:43:37.000+00:00
68,3,sell,2024-05-27T16:09:09.000+00:00
88,1,sell,2024-05-27T16:25:11.000+00:00
70,1,sell,2024-05-27T17:22:00.000+00:00
69,1,sell,2024-05-27T18:21:55.000+00:00
75,1,sell,2024-05-27T18:27:26.000+00:00
75,2,sell,2024-05-27T18:28:00.000+00:00
100,1,sell,2024-05-27T22:21:25.000+00:00
70,1,sell,2024-05-27T22:29:31.000+00:00
70,1,sell,2024-05-28T00:28:37.000+00:00
59,1,sell,2024-05-28T01:21:26.000+00:00
70,1,sell,2024-05-28T03:29:54.000+00:00
80,1,sell,2024-05-28T03:38:18.000+00:00
75,1,sell,2024-05-28T06:49:21.000+00:00
100,1,sell,2024-05-28T07:14:37.000+00:00
90,20,sell,2024-05-28T09:50:14.000+00:00
80,1,sell,2024-05-28T09:55:25.000+00:00
95,1,sell,2024-05-28T10:26:40.000+00:00
69,1,sell,2024-05-28T11:08:58.000+00:00
70,1,sell,2024-05-28T12:22:54.000+00:00
150,3,sell,2024-05-28T13:21:28.000+00:00
75,1,sell,2024-05-28T13:24:23.000+00:00
70,1,sell,2024-05-28T13:53:42.000+00:00
75,1,sell,2024-05-28T14:09:56.000+00:00
70,3,sell,2024-05-28T14:26:54.000+00:00
68,1,sell,2024-05-28T14:34:04.000+00:00
70,1,sell,2024-05-28T14:51:47.000+00:00
65,1,sell,2024-05-28T14:57:03.000+00:00
70,1,sell,2024-05-28T15:18:08.000+00:00
51,5,buy,2024-05-28T15:22:23.000+00:00
70,2,sell,2024-05-28T15:29:02.000+00:00
40,100,buy,2024-05-28T15:53:02.000+00:00
69,2,sell,2024-05-28T16:03:47.000+00:00
75,1,sell,2024-05-28T16:07:14.000+00:00
50,1,buy,2024-05-28T16:18:45.000+00:00
70,1,sell,2024-05-28T16:54:20.000+00:00
70,3,sell,2024-05-28T17:17:01.000+00:00
65,1,sell,2024-05-28T17:33:41.000+00:00
55,6,buy,2024-05-28T18:04:50.000+00:00
64,1,sell,2024-05-28T18:21:41.000+00:00
62,1,sell,2024-05-28T18:53:10.000+00:00
50,600,buy,2024-05-28T19:01:52.000+00:00
100,1,sell,2024-05-28T20:11:16.000+00:00
80,1,sell,2024-05-28T20:58:18.000+00:00
69,1,sell,2024-05-28T21:03:31.000+00:00
105,1,sell,2024-05-28T21:37:18.000+00:00
90,2,sell,2024-05-28T22:50:37.000+00:00
70,1,sell,2024-05-29T00:29:10.000+00:00
70,1,sell,2024-05-29T02:50:40.000+00:00
70,1,sell,2024-05-29T03:14:58.000+00:00
80,2,sell,2024-05-29T03:23:24.000+00:00
69,1,sell,2024-05-29T03:24:13.000+00:00
70,1,sell,2024-05-29T03:29:32.000+00:00
70,1,sell,2024-05-29T05:48:57.000+00:00
70,1,sell,2024-05-29T05:56:07.000+00:00
69,1,sell,2024-05-29T06:12:22.000+00:00
130,1,sell,2024-05-29T06:43:26.000+00:00
65,1,sell,2024-05-29T06:58:53.000+00:00
70,2,sell,2024-05-29T07:04:56.000+00:00
79,7,sell,2024-05-29T07:08:37.000+00:00
70,1,sell,2024-05-29T07:09:16.000+00:00
70,1,sell,2024-05-29T07:42:14.000+00:00
69,16,sell,2024-05-29T08:45:31.000+00:00
69,1,sell,2024-05-29T08:47:33.000+00:00
70,1,sell,2024-05-29T09:00:31.000+00:00
80,5,sell,2024-05-29T09:30:05.000+00:00
85,2,sell,2024-05-29T09:36:51.000+00:00
64,1,sell,2024-05-29T09:49:20.000+00:00
50,1,buy,2024-05-29T10:52:38.000+00:00
70,1,sell,2024-05-29T11:01:08.000+00:00
70,2,sell,2024-05-29T11:54:32.000+00:00
90,1,sell,2024-05-29T12:50:08.000+00:00
68,1,sell,2024-05-29T12:52:34.000+00:00
68,1,sell,2024-05-29T13:36:27.000+00:00
70,1,sell,2024-05-29T13:43:44.000+00:00
95,5,sell,2024-05-29T15:29:24.000+00:00
65,3,sell,2024-05-29T15:42:13.000+00:00
70,1,sell,2024-05-29T16:01:36.000+00:00
70,1,sell,2024-05-29T16:05:30.000+00:00
90,1,sell,2024-05-29T16:23:44.000+00:00
80,2,sell,2024-05-29T17:37:57.000+00:00
45,100,buy,2024-05-29T19:22:40.000+00:00
59,1,sell,2024-05-29T19:23:25.000+00:00
70,1,sell,2024-05-29T19:43:54.000+00:00
85,1,sell,2024-05-29T19:43:59.000+00:00
70,1,sell,2024-05-29T20:08:28.000+00:00
80,4,sell,2024-05-29T21:09:39.000+00:00
70,1,sell,2024-05-29T21:51:08.000+00:00
70,1,sell,2024-05-29T21:58:06.000+00:00
89,2,sell,2024-05-29T22:40:31.000+00:00
97,1,sell,2024-05-29T22:41:53.000+00:00
60,1,sell,2024-05-29T23:02:46.000+00:00
70,1,sell,2024-05-29T23:07:57.000+00:00
69,1,sell,2024-05-29T23:26:57.000+00:00
65,1,sell,2024-05-29T23:35:53.000+00:00
70,3,sell,2024-05-29T23:54:31.000+00:00
80,1,sell,2024-05-30T00:06:21.000+00:00
65,3,sell,2024-05-30T00:44:13.000+00:00
65,1,sell,2024-05-30T01:08:31.000+00:00
58,1,buy,2024-05-30T02:07:03.000+00:00
80,1,sell,2024-05-30T02:09:38.000+00:00
95,1,sell,2024-05-30T02:50:07.000+00:00
64,1,sell,2024-05-30T03:49:08.000+00:00
80,1,sell,2024-05-30T05:41:57.000+00:00
80,1,sell,2024-05-30T06:22:33.000+00:00
80,5,sell,2024-05-30T06:22:46.000+00:00
70,1,sell,2024-05-30T06:47:57.000+00:00
64,1,sell,2024-05-30T08:05:27.000+00:00
66,3,sell,2024-05-30T08:25:22.000+00:00
70,3,sell,2024-05-30T08:43:44.000+00:00
70,1,sell,2024-05-30T09:10:09.000+00:00
56,1,buy,2024-05-30T09:21:04.000+00:00
70,1,sell,2024-05-30T10:17:51.000+00:00
90,1,sell,2024-05-30T10:33:09.000+00:00
69,1,sell,2024-05-30T10:43:21.000+00:00
68,1,sell,2024-05-30T10:46:57.000+00:00
65,1,sell,2024-05-30T11:10:35.000+00:00
80,1,sell,2024-05-30T12:05:34.000+00:00
65,1,sell,2024-05-30T12:18:36.000+00:00
60,1,sell,2024-05-30T13:23:42.000+00:00
64,7,sell,2024-05-30T13:38:06.000+00:00
100,1,sell,2024-05-30T13:54:08.000+00:00
70,3,sell,2024-05-30T14:24:13.000+00:00
65,1,sell,2024-05-30T15:00:44.000+00:00
40,1,buy,2024-05-30T18:05:18.000+00:00
70,1,sell,2024-05-30T18:29:06.000+00:00
42,3,buy,2024-05-30T18:56:00.000+00:00
75,1,sell,2024-05-30T19:14:00.000+00:00
60,1,sell,2024-05-30T19:57:17.000+00:00
60,1,sell,2024-05-30T20:44:03.000+00:00
65,1,sell,2024-05-30T20:57:15.000+00:00
75,1,sell,2024-05-30T21:23:35.000+00:00
59,1,sell,2024-05-30T22:05:09.000+00:00
80,1,sell,2024-05-31T00:01:28.000+00:00
65,1,sell,2024-05-31T02:21:57.000+00:00
65,1,sell,2024-05-31T02:29:55.000+00:00
60,1,sell,2024-05-31T02:53:47.000+00:00
64,1,sell,2024-05-31T03:31:57.000+00:00
100,1,sell,2024-05-31T03:38:08.000+00:00
65,1,sell,2024-05-31T05:02:53.000+00:00
99,7,sell,2024-05-31T06:23:03.000+00:00
70,1,sell,2024-05-31T07:30:54.000+00:00
80,1,sell,2024-05-31T08:06:36.000+00:00
65,1,sell,2024-05-31T08:41:55.000+00:00
70,1,sell,2024-05-31T08:44:10.000+00:00
64,1,sell,2024-05-31T09:09:32.000+00:00
70,1,sell,2024-05-31T11:14:34.000+00:00
55,1,buy,2024-05-31T11:31:31.000+00:00
70,1,sell,2024-05-31T11:55:52.000+00:00
70,1,sell,2024-05-31T12:26:11.000+00:00
75,1,sell,2024-05-31T12:52:59.000+00:00
110,1,sell,2024-05-31T12:57:54.000+00:00
65,1,sell,2024-05-31T13:52:38.000+00:00
65,5,sell,2024-05-31T14:12:30.000+00:00
69,4,sell,2024-05-31T14:35:37.000+00:00
70,1,sell,2024-05-31T14:49:17.000+00:00
75,1,sell,2024-05-31T15:02:15.000+00:00
70,1,sell,2024-05-31T15:29:17.000+00:00
70,4,sell,2024-05-31T15:42:39.000+00:00
65,1,sell,2024-05-31T16:23:25.000+00:00
100,1,sell,2024-05-31T16:25:18.000+00:00
68,1,sell,2024-05-31T16:47:17.000+00:00
90,5,sell,2024-05-31T18:00:33.000+00:00
69,1,sell,2024-05-31T18:35:26.000+00:00
60,1,sell,2024-05-31T18:41:23.000+00:00
64,1,sell,2024-05-31T19:10:56.000+00:00
10,1,buy,2024-05-31T19:33:01.000+00:00
60,1,sell,2024-05-31T19:49:44.000+00:00
45,6,buy,2024-05-31T19:52:38.000+00:00
80,1,sell,2024-05-31T20:40:06.000+00:00
70,1,sell,2024-05-31T21:10:07.000+00:00
69,1,sell,2024-05-31T21:43:05.000+00:00
54,1,buy,2024-05-31T21:47:27.000+00:00
50,6,buy,2024-05-31T21:59:35.000+00:00
60,1,sell,2024-05-31T22:17:11.000+00:00
75,1,sell,2024-05-31T22:57:02.000+00:00
60,1,sell,2024-06-01T02:04:43.000+00:00
75,1,sell,2024-06-01T02:22:38.000+00:00
63,1,sell,2024-06-01T02:35:09.000+00:00
60,1,sell,2024-06-01T02:53:37.000+00:00
75,1,sell,2024-06-01T03:59:21.000+00:00
65,1,sell,2024-06-01T04:04:45.000+00:00
70,1,sell,2024-06-01T04:26:32.000+00:00
69,1,sell,2024-06-01T04:47:55.000+00:00
70,1,sell,2024-06-01T05:11:04.000+00:00
68,1,sell,2024-06-01T06:12:35.000+00:00
60,1,buy,2024-06-01T06:41:58.000+00:00
65,1,sell,2024-06-01T06:45:40.000+00:00
65,1,sell,2024-06-01T06:46:37.000+00:00
70,1,sell,2024-06-01T07:17:52.000+00:00
78,2,sell,2024-06-01T07:42:13.000+00:00
65,2,sell,2024-06-01T07:49:39.000+00:00
65,1,sell,2024-06-01T08:43:54.000+00:00
65,1,sell,2024-06-01T08:47:41.000+00:00
45,1,buy,2024-06-01T08:53:52.000+00:00
64,1,sell,2024-06-01T10:35:49.000+00:00
54,1,buy,2024-06-01T10:37:48.000+00:00
68,1,sell,2024-06-01T10:54:40.000+00:00
80,21,sell,2024-06-01T11:06:28.000+00:00
61,1,sell,2024-06-01T11:28:36.000+00:00
70,3,sell,2024-06-01T11:40:25.000+00:00
70,1,sell,2024-06-01T12:07:42.000+00:00
64,1,sell,2024-06-01T12:45:15.000+00:00
80,1,sell,2024-06-01T13:23:40.000+00:00
80,1,sell,2024-06-01T13:27:07.000+00:00
70,1,sell,2024-06-01T13:59:22.000+00:00
70,1,sell,2024-06-01T14:18:05.000+00:00
100,2,sell,2024-06-01T14:41:44.000+00:00
65,2,sell,2024-06-01T14:48:33.000+00:00
70,1,sell,2024-06-01T15:04:42.000+00:00
64,1,sell,2024-06-01T15:20:46.000+00:00
65,1,sell,2024-06-01T15:40:49.000+00:00
50,5,buy,2024-06-01T15:41:14.000+00:00
75,1,sell,2024-06-01T15:44:40.000+00:00
75,1,sell,2024-06-01T15:49:06.000+00:00
80,1,sell,2024-06-01T15:51:48.000+00:00
55,1,buy,2024-06-01T16:07:47.000+00:00
60,2,sell,2024-06-01T16:39:02.000+00:00
80,1,sell,2024-06-01T17:12:43.000+00:00
70,1,sell,2024-06-01T17:44:53.000+00:00
66,1,sell,2024-06-01T18:04:21.000+00:00
65,1,sell,2024-06-01T18:19:51.000+00:00
64,1,sell,2024-06-01T18:21:31.000+00:00
70,1,sell,2024-06-01T18:21:56.000+00:00
64,1,sell,2024-06-01T18:27:25.000+00:00
65,1,sell,2024-06-01T18:42:28.000+00:00
70,2,sell,2024-06-01T18:50:13.000+00:00
85,1,sell,2024-06-01T18:58:32.000+00:00
60,1,sell,2024-06-01T19:27:29.000+00:00
70,1,sell,2024-06-01T19:54:56.000+00:00
100,1,sell,2024-06-01T20:33:40.000+00:00
80,1,sell,2024-06-01T20:57:46.000+00:00
60,1,sell,2024-06-01T21:18:42.000+00:00
60,1,sell,2024-06-01T21:32:43.000+00:00
60,1,sell,2024-06-01T21:34:45.000+00:00
70,1,sell,2024-06-01T22:07:10.000+00:00
45,1,buy,2024-06-01T23:27:23.000+00:00
80,1,sell,2024-06-02T00:42:07.000+00:00
80,1,sell,2024-06-02T01:14:09.000+00:00
100,1,sell,2024-06-02T04:17:41.000+00:00
70,1,sell,2024-06-02T04:30:05.000+00:00
58,1,sell,2024-06-02T04:55:45.000+00:00
68,8,sell,2024-06-02T05:01:37.000+00:00
79,1,sell,2024-06-02T05:04:45.000+00:00
67,2,sell,2024-06-02T05:15:37.000+00:00
70,2,sell,2024-06-02T05:42:24.000+00:00
69,1,sell,2024-06-02T06:15:56.000+00:00
70,1,sell,2024-06-02T06:29:54.000+00:00
70,1,sell,2024-06-02T06:30:08.000+00:00
70,1,sell,2024-06-02T06:30:51.000+00:00
70,1,sell,2024-06-02T06:50:02.000+00:00
60,1,sell,2024-06-02T07:04:52.000+00:00
65,1,sell,2024-06-02T07:37:04.000+00:00
65,1,sell,2024-06-02T07:41:09.000+00:00
100,1,sell,2024-06-02T07:53:57.000+00:00
45,50,buy,2024-06-02T08:02:10.000+00:00
65,1,sell,2024-06-02T08:12:33.000+00:00
80,1,sell,2024-06-02T08:22:19.000+00:00
70,1,sell,2024-06-02T08:26:35.000+00:00
60,1,sell,2024-06-02T08:44:01.000+00:00
70,1,sell,2024-06-02T08:54:30.000+00:00
65,3,sell,2024-06-02T08:58:24.000+00:00
85,1,sell,2024-06-02T10:33:26.000+00:00
75,1,sell,2024-06-02T10:51:48.000+00:00
62,1,sell,2024-06-02T11:02:05.000+00:00
65,1,sell,2024-06-02T11:03:40.000+00:00
100,1,sell,2024-06-02T11:08:59.000+00:00
70,2,sell,2024-06-02T11:16:26.000+00:00
56,1,buy,2024-06-02T11:27:14.000+00:00
70,2,sell,2024-06-02T11:33:35.000+00:00
70,1,sell,2024-06-02T12:02:07.000+00:00
65,1,sell,2024-06-02T12:29:11.000+00:00
70,2,sell,2024-06-02T12:57:01.000+00:00
90,1,sell,2024-06-02T13:03:04.000+00:00
70,1,sell,2024-06-02T13:13:31.000+00:00
70,1,sell,2024-06-02T13:18:27.000+00:00
65,1,sell,2024-06-02T13:19:23.000+00:00
69,1,sell,2024-06-02T13:26:53.000+00:00
150,2,sell,2024-06-02T13:59:26.000+00:00
65,1,sell,2024-06-02T14:05:29.000+00:00
70,1,sell,2024-06-02T15:06:40.000+00:00
70,1,sell,2024-06-02T15:11:01.000+00:00
90,6,sell,2024-06-02T15:11:56.000+00:00
50,1,sell,2024-06-02T15:29:15.000+00:00
60,1,sell,2024-06-02T15:53:13.000+00:00
70,1,sell,2024-06-02T16:41:13.000+00:00
55,1,buy,2024-06-02T16:52:47.000+00:00
64,1,sell,2024-06-02T16:56:03.000+00:00
70,1,sell,2024-06-02T17:38:14.000+00:00
65,1,sell,2024-06-02T17:39:59.000+00:00
65,1,sell,2024-06-02T17:40:08.000+00:00
90,6,sell,2024-06-02T19:18:26.000+00:00
65,1,sell,2024-06-02T19:20:45.000+00:00
65,1,sell,2024-06-02T20:04:49.000+00:00
64,1,sell,2024-06-02T20:30:29.000+00:00
64,1,sell,2024-06-02T20:41:12.000+00:00
65,1,sell,2024-06-02T20:45:41.000+00:00
70,1,sell,2024-06-02T21:55:47.000+00:00
90,1,sell,2024-06-02T22:12:31.000+00:00
69,1,sell,2024-06-02T22:38:05.000+00:00
68,1,sell,2024-06-02T22:56:13.000+00:00
50,1,buy,2024-06-02T23:31:18.000+00:00
65,1,sell,2024-06-02T23:44:07.000+00:00
69,1,sell,2024-06-02T23:55:33.000+00:00
64,1,sell,2024-06-03T00:01:38.000+00:00
80,1,sell,2024-06-03T01:08:28.000+00:00
100,1,sell,2024-06-03T01:55:02.000+00:00
65,1,sell,2024-06-03T02:12:27.000+00:00
70,1,sell,2024-06-03T02:13:15.000+00:00
80,1,sell,2024-06-03T02:53:13.000+00:00
70,1,sell,2024-06-03T03:54:14.000+00:00
80,1,sell,2024-06-03T03:55:25.000+00:00
70,1,sell,2024-06-03T04:28:20.000+00:00
69,1,sell,2024-06-03T04:49:00.000+00:00
65,1,sell,2024-06-03T05:17:14.000+00:00
75,4,sell,2024-06-03T05:24:13.000+00:00
70,1,sell,2024-06-03T06:07:03.000+00:00
60,1,buy,2024-06-03T06:10:23.000+00:00
70,1,sell,2024-06-03T06:27:17.000+00:00
68,1,sell,2024-06-03T06:29:59.000+00:00
69,1,sell,2024-06-03T06:30:34.000+00:00
60,1,sell,2024-06-03T06:55:56.000+00:00
65,1,sell,2024-06-03T07:10:00.000+00:00
70,1,sell,2024-06-03T07:10:12.000+00:00
60,1,sell,2024-06-03T07:33:11.000+00:00
64,1,sell,2024-06-03T07:36:11.000+00:00
70,1,sell,2024-06-03T08:15:05.000+00:00
69,1,sell,2024-06-03T08:23:14.000+00:00
70,1,sell,2024-06-03T08:25:57.000+00:00
70,1,sell,2024-06-03T08:39:36.000+00:00
70,2,sell,2024-06-03T08:58:47.000+00:00
80,1,sell,2024-06-03T09:16:41.000+00:00
68,1,sell,2024-06-03T09:23:23.000+00:00
65,1,sell,2024-06-03T09:26:22.000+00:00
60,1,sell,2024-06-03T09:31:28.000+00:00
68,1,sell,2024-06-03T09:35:53.000+00:00
69,4,sell,2024-06-03T10:59:00.000+00:00
66,2,sell,2024-06-03T11:19:44.000+00:00
70,1,sell,2024-06-03T11:20:10.000+00:00
70,1,sell,2024-06-03T11:30:01.000+00:00
69,1,sell,2024-06-03T12:01:47.000+00:00
70,1,sell,2024-06-03T12:20:01.000+00:00
70,1,sell,2024-06-03T12:21:59.000+00:00
70,1,sell,2024-06-03T12:28:41.000+00:00
58,1,sell,2024-06-03T12:52:07.000+00:00
68,1,sell,2024-06-03T13:20:36.000+00:00
70,6,sell,2024-06-03T13:39:27.000+00:00
70,1,sell,2024-06-03T14:12:40.000+00:00
65,1,sell,2024-06-03T14:14:32.000+00:00
66,1,sell,2024-06-03T15:16:26.000+00:00
70,1,sell,2024-06-03T15:25:22.000+00:00
69,1,sell,2024-06-03T15:43:25.000+00:00
70,1,sell,2024-06-03T15:53:09.000+00:00
65,1,sell,2024-06-03T16:06:24.000+00:00
65,1,sell,2024-06-03T16:18:29.000+00:00
70,1,sell,2024-06-03T16:19:59.000+00:00
70,3,sell,2024-06-03T17:31:10.000+00:00
65,1,sell,2024-06-03T17:43:58.000+00:00
56,1,buy,2024-06-03T18:07:31.000+00:00
65,1,sell,2024-06-03T18:16:16.000+00:00
65,1,sell,2024-06-03T18:21:15.000+00:00
60,1,sell,2024-06-03T18:38:51.000+00:00
65,2,sell,2024-06-03T18:51:59.000+00:00
60,1,sell,2024-06-03T18:57:25.000+00:00
60,1,sell,2024-06-03T19:01:23.000+00:00
60,1,sell,2024-06-03T19:12:03.000+00:00
