platinum,order_type,quantity,creation_date
100,sell,3,2019-03-03T01:25:03.000+00:00
150,sell,1,2019-03-17T11:23:45.000+00:00
90,sell,1,2019-04-04T14:58:33.000+00:00
130,sell,21,2019-06-28T07:08:09.000+00:00
90,sell,2,2019-07-06T05:47:31.000+00:00
90,sell,10,2019-07-09T11:11:25.000+00:00
200,sell,1,2019-07-19T09:04:12.000+00:00
110,sell,1,2019-07-25T15:16:20.000+00:00
120,sell,2,2019-08-01T17:31:54.000+00:00
100,sell,1,2019-08-08T01:57:03.000+00:00
66,buy,1,2019-08-16T14:44:21.000+00:00
150,sell,2,2019-08-22T18:17:26.000+00:00
175,sell,83,2019-12-01T01:30:58.000+00:00
100,sell,31,2020-01-18T12:46:18.000+00:00
100,sell,1,2020-01-19T19:46:42.000+00:00
60,sell,1,2020-01-27T17:02:48.000+00:00
95,sell,1,2020-01-31T22:23:58.000+00:00
120,sell,2,2020-02-02T07:06:05.000+00:00
200,sell,2,2020-04-19T04:34:05.000+00:00
110,sell,1,2020-05-05T14:13:51.000+00:00
300,sell,7,2020-05-21T10:28:27.000+00:00
190,sell,3,2020-06-04T05:38:18.000+00:00
100,sell,1,2020-06-20T06:59:07.000+00:00
99,sell,25,2020-07-02T23:32:12.000+00:00
55,buy,999,2020-07-30T21:09:25.000+00:00
100,sell,6,2020-08-21T20:47:16.000+00:00
150,sell,3,2020-09-01T18:04:55.000+00:00
110,sell,3,2020-09-30T10:44:33.000+00:00
125,sell,1,2020-10-11T17:53:44.000+00:00
90,sell,3,2020-10-24T01:33:58.000+00:00
300,sell,10,2020-10-25T04:40:28.000+00:00
150,sell,5,2020-10-26T22:53:18.000+00:00
100,sell,1,2020-10-29T00:07:41.000+00:00
50,buy,20,2020-10-29T09:24:02.000+00:00
90,sell,1,2020-11-06T09:11:29.000+00:00
180,sell,1,2020-11-07T14:21:50.000+00:00
90,sell,2,2020-11-13T03:11:22.000+00:00
250,sell,108,2020-11-20T16:08:33.000+00:00
125,sell,2,2020-12-25T20:41:17.000+00:00
100,sell,1,2020-12-29T04:17:09.000+00:00
150,sell,1,2020-12-30T01:44:57.000+00:00
300,sell,1,2021-01-05T14:08:50.000+00:00
100,sell,1,2021-01-08T21:40:40.000+00:00
88,sell,6,2021-01-20T06:39:26.000+00:00
94,sell,1,2021-02-06T01:07:48.000+00:00
109,sell,2,2021-02-19T12:14:56.000+00:00
90,sell,17,2021-02-26T19:03:24.000+00:00
120,sell,30,2021-02-27T17:52:40.000+00:00
99,sell,1,2021-03-01T19:02:41.000+00:00
110,sell,4,2021-03-04T14:41:59.000+00:00
110,sell,1,2021-03-08T10:20:31.000+00:00
100,sell,1,2021-05-06T17:57:39.000+00:00
120,sell,10,2021-05-11T21:57:59.000+00:00
100,sell,2,2021-05-16T01:05:16.000+00:00
100,sell,2,2021-05-31T02:40:41.000+00:00
90,sell,7,2021-06-01T11:38:24.000+00:00
100,sell,5,2021-06-07T11:54:20.000+00:00
150,sell,1,2021-06-18T15:18:47.000+00:00
85,sell,10,2021-06-22T16:35:53.000+00:00
100,sell,1,2021-07-07T07:50:12.000+00:00
124,sell,3,2021-07-15T20:14:10.000+00:00
61,buy,1,2021-08-21T13:50:49.000+00:00
85,sell,3,2021-08-22T03:23:41.000+00:00
40,buy,99,2021-08-22T05:13:31.000+00:00
150,sell,1,2021-09-06T20:43:48.000+00:00
98,sell,9,2021-09-14T08:15:23.000+00:00
200,sell,4,2021-09-15T09:22:09.000+00:00
150,sell,2,2021-09-25T05:08:53.000+00:00
150,sell,6,2021-09-26T12:34:49.000+00:00
120,sell,1,2021-10-03T02:53:10.000+00:00
200,sell,1,2021-10-06T17:51:37.000+00:00
90,sell,2,2021-10-06T20:08:07.000+00:00
65,buy,1,2021-10-19T09:08:27.000+00:00
150,sell,1,2021-10-24T14:22:35.000+00:00
82,sell,3,2021-11-02T05:05:27.000+00:00
320,sell,2,2021-11-09T16:49:00.000+00:00
100,sell,1,2021-11-17T16:46:01.000+00:00
110,sell,2,2021-11-17T21:50:54.000+00:00
110,sell,2,2021-11-25T11:17:33.000+00:00
90,sell,1,2021-11-28T12:15:40.000+00:00
100,sell,1,2021-12-02T17:23:55.000+00:00
99,sell,2,2021-12-08T23:09:04.000+00:00
150,sell,10,2021-12-10T19:08:02.000+00:00
100,sell,1,2021-12-19T04:27:29.000+00:00
90,sell,3,2021-12-28T10:27:53.000+00:00
50,buy,5,2022-01-04T19:14:10.000+00:00
149,sell,1,2022-01-21T07:36:49.000+00:00
90,sell,2,2022-01-26T18:33:40.000+00:00
125,sell,14,2022-02-03T21:41:37.000+00:00
50,sell,1,2022-02-04T16:45:59.000+00:00
85,sell,1,2022-02-08T13:52:17.000+00:00
120,sell,1,2022-02-11T23:16:54.000+00:00
150,sell,1,2022-02-12T07:07:34.000+00:00
95,sell,3,2022-02-12T07:26:14.000+00:00
85,sell,1,2022-02-13T00:57:50.000+00:00
5,buy,6,2022-03-02T03:58:04.000+00:00
100,sell,5,2022-03-17T14:49:33.000+00:00
86,sell,1,2022-03-18T11:51:07.000+00:00
250,sell,6,2022-03-19T07:51:28.000+00:00
200,sell,1,2022-03-23T15:06:26.000+00:00
250,sell,28,2022-03-29T00:10:15.000+00:00
120,sell,2,2022-04-09T01:17:10.000+00:00
89,sell,1,2022-04-09T21:28:35.000+00:00
300,sell,1,2022-04-18T03:50:22.000+00:00
90,sell,1,2022-05-08T15:41:20.000+00:00
119,sell,10,2022-05-08T17:30:23.000+00:00
85,sell,1,2022-05-09T09:18:58.000+00:00
89,sell,50,2022-05-28T07:50:37.000+00:00
120,sell,5,2022-06-30T19:16:01.000+00:00
110,sell,3,2022-07-08T14:22:00.000+00:00
100,sell,2,2022-07-13T20:30:05.000+00:00
150,sell,80,2022-07-18T05:30:18.000+00:00
110,sell,8,2022-07-18T09:23:27.000+00:00
110,sell,2,2022-07-19T09:46:57.000+00:00
120,sell,1,2022-07-22T08:14:03.000+00:00
150,sell,1,2022-07-27T01:41:17.000+00:00
85,sell,1,2022-08-02T20:17:20.000+00:00
40,buy,100,2022-08-08T18:31:41.000+00:00
144,sell,3,2022-08-10T12:34:32.000+00:00
100,sell,1,2022-08-12T13:28:18.000+00:00
300,sell,1,2022-08-21T02:06:34.000+00:00
100,sell,1,2022-08-25T03:50:17.000+00:00
113,sell,1,2022-08-31T13:55:59.000+00:00
100,sell,6,2022-09-03T18:30:06.000+00:00
110,sell,1,2022-09-25T22:27:08.000+00:00
100,sell,10,2022-10-03T12:47:03.000+00:00
100,sell,1,2022-10-09T16:07:30.000+00:00
99,sell,2,2022-10-21T17:02:56.000+00:00
110,sell,7,2022-10-27T07:28:32.000+00:00
150,sell,4,2022-10-29T01:19:25.000+00:00
130,sell,1,2022-10-31T20:37:00.000+00:00
125,sell,3,2022-11-11T11:13:43.000+00:00
100,sell,7,2022-11-16T17:36:25.000+00:00
150,sell,7,2022-11-23T12:52:08.000+00:00
100,sell,2,2022-11-24T06:57:32.000+00:00
123,sell,35,2022-11-25T13:02:48.000+00:00
99,sell,1,2022-11-30T21:45:18.000+00:00
50,buy,6,2022-12-05T16:16:23.000+00:00
130,sell,1,2022-12-06T02:53:45.000+00:00
89,sell,10,2022-12-10T10:18:40.000+00:00
99,sell,1,2022-12-15T19:37:14.000+00:00
100,sell,1,2022-12-20T02:23:21.000+00:00
150,sell,2,2022-12-25T22:37:02.000+00:00
150,sell,1,2022-12-26T00:29:07.000+00:00
149,sell,5,2022-12-29T19:40:55.000+00:00
140,sell,1,2022-12-30T16:13:41.000+00:00
149,sell,1,2023-01-03T06:41:50.000+00:00
20,buy,1,2023-01-19T07:49:46.000+00:00
70,buy,5,2023-01-22T22:32:14.000+00:00
120,sell,50,2023-01-26T21:12:32.000+00:00
108,sell,4,2023-02-02T16:45:34.000+00:00
90,sell,1,2023-02-03T23:53:43.000+00:00
30,buy,10,2023-02-05T18:50:15.000+00:00
105,sell,1,2023-02-07T16:28:20.000+00:00
61,buy,3,2023-02-17T20:34:39.000+00:00
270,sell,1,2023-02-18T14:40:38.000+00:00
100,sell,4,2023-02-18T23:07:56.000+00:00
120,sell,1,2023-02-21T07:05:15.000+00:00
100,sell,7,2023-02-21T13:13:17.000+00:00
95,sell,1,2023-02-28T10:23:47.000+00:00
110,sell,9,2023-03-01T17:46:17.000+00:00
140,sell,3,2023-03-03T17:49:53.000+00:00
90,sell,1,2023-03-06T01:03:26.000+00:00
150,sell,1,2023-03-13T13:06:13.000+00:00
100,sell,6,2023-03-21T22:56:55.000+00:00
100,sell,1,2023-03-25T06:47:43.000+00:00
100,sell,1,2023-03-28T10:48:27.000+00:00
100,sell,2,2023-03-30T20:30:00.000+00:00
70,buy,1,2023-03-31T21:26:44.000+00:00
150,sell,126,2023-04-07T06:57:32.000+00:00
105,sell,1,2023-04-08T14:24:18.000+00:00
50,buy,1,2023-04-08T19:52:53.000+00:00
95,sell,1,2023-04-09T15:36:11.000+00:00
100,sell,3,2023-04-10T00:44:25.000+00:00
200,sell,6,2023-04-10T01:36:32.000+00:00
120,sell,1,2023-04-11T18:10:05.000+00:00
120,sell,1,2023-04-15T18:43:41.000+00:00
100,sell,3,2023-04-28T12:59:54.000+00:00
350,sell,2,2023-05-02T15:27:59.000+00:00
150,sell,2,2023-05-05T17:01:13.000+00:00
139,sell,1,2023-05-06T02:13:25.000+00:00
90,sell,1,2023-05-06T05:17:20.000+00:00
100,sell,1,2023-05-09T09:25:31.000+00:00
100,sell,4,2023-05-10T18:08:07.000+00:00
115,sell,1,2023-05-11T09:11:00.000+00:00
100,sell,3,2023-05-12T11:39:43.000+00:00
100,sell,1,2023-05-18T04:38:51.000+00:00
80,sell,1,2023-05-19T15:37:37.000+00:00
85,sell,2,2023-05-19T22:34:40.000+00:00
110,sell,4,2023-05-20T00:42:41.000+00:00
95,sell,1,2023-05-20T07:57:11.000+00:00
90,sell,1,2023-05-23T03:06:19.000+00:00
120,sell,1,2023-05-26T12:06:52.000+00:00
95,sell,3,2023-05-27T08:30:36.000+00:00
100,sell,1,2023-05-27T12:36:17.000+00:00
100,sell,11,2023-05-27T17:16:14.000+00:00
95,sell,2,2023-05-28T06:56:16.000+00:00
90,sell,1,2023-05-30T20:19:32.000+00:00
100,sell,5,2023-06-04T21:34:49.000+00:00
350,sell,1,2023-06-04T23:18:50.000+00:00
250,sell,9,2023-06-05T07:39:11.000+00:00
90,sell,1,2023-06-06T04:10:04.000+00:00
90,sell,1,2023-06-06T07:01:12.000+00:00
99,sell,4,2023-06-06T10:02:44.000+00:00
88,sell,1,2023-06-10T17:51:44.000+00:00
120,sell,9,2023-06-11T02:30:30.000+00:00
150,sell,1,2023-06-11T14:09:36.000+00:00
98,sell,6,2023-06-12T11:20:12.000+00:00
300,sell,1,2023-06-12T22:02:15.000+00:00
105,sell,1,2023-06-13T13:33:31.000+00:00
120,sell,32,2023-06-14T00:12:47.000+00:00
101,sell,4,2023-06-14T09:32:28.000+00:00
100,sell,1,2023-06-17T02:44:26.000+00:00
100,sell,1,2023-06-17T06:24:15.000+00:00
200,sell,1,2023-06-17T13:38:13.000+00:00
120,sell,1,2023-06-24T08:57:45.000+00:00
100,sell,25,2023-06-25T02:17:01.000+00:00
120,sell,1,2023-06-27T01:45:41.000+00:00
89,sell,1,2023-06-27T06:42:03.000+00:00
70,sell,1,2023-06-29T11:27:22.000+00:00
120,sell,1,2023-06-29T12:58:07.000+00:00
90,sell,1,2023-07-01T19:09:50.000+00:00
99,sell,11,2023-07-03T09:49:38.000+00:00
100,sell,1,2023-07-03T10:04:28.000+00:00
120,sell,3,2023-07-09T21:40:45.000+00:00
115,sell,1,2023-07-11T16:42:35.000+00:00
110,sell,1,2023-07-11T22:55:18.000+00:00
200,sell,56,2023-07-15T13:12:29.000+00:00
120,sell,1,2023-07-16T09:02:42.000+00:00
100,sell,1,2023-07-17T14:00:56.000+00:00
65,buy,21,2023-07-17T22:10:53.000+00:00
110,sell,12,2023-07-21T03:31:45.000+00:00
100,sell,1,2023-07-21T12:02:29.000+00:00
115,sell,1,2023-08-05T09:10:25.000+00:00
98,sell,1,2023-08-08T01:13:24.000+00:00
150,sell,1,2023-08-08T04:07:22.000+00:00
95,sell,5,2023-08-08T05:36:56.000+00:00
105,sell,1,2023-08-11T03:29:46.000+00:00
20,buy,1,2023-08-11T08:06:00.000+00:00
120,sell,1,2023-08-17T03:04:31.000+00:00
85,sell,1,2023-08-18T04:14:44.000+00:00
100,sell,11,2023-08-18T05:34:14.000+00:00
100,sell,6,2023-08-23T07:13:36.000+00:00
95,sell,1,2023-08-24T00:59:15.000+00:00
250,sell,21,2023-08-26T23:55:30.000+00:00
90,sell,7,2023-08-27T12:53:43.000+00:00
100,sell,1,2023-09-01T01:21:49.000+00:00
120,sell,2,2023-09-02T09:48:58.000+00:00
95,sell,1,2023-09-03T09:01:31.000+00:00
90,sell,1,2023-09-09T15:14:00.000+00:00
80,buy,1,2023-09-13T07:13:58.000+00:00
85,sell,4,2023-09-14T20:03:43.000+00:00
85,sell,2,2023-09-18T16:01:47.000+00:00
100,sell,3,2023-09-23T22:44:23.000+00:00
150,sell,1,2023-09-27T01:50:03.000+00:00
90,sell,1,2023-10-01T10:33:01.000+00:00
90,sell,10,2023-10-04T03:16:54.000+00:00
130,sell,1,2023-10-07T03:41:13.000+00:00
105,sell,1,2023-10-07T10:25:17.000+00:00
150,sell,1,2023-10-09T23:11:53.000+00:00
100,sell,1,2023-10-14T04:49:29.000+00:00
100,sell,1,2023-10-15T09:34:27.000+00:00
120,sell,1,2023-10-16T21:02:11.000+00:00
85,sell,2,2023-10-17T12:23:16.000+00:00
100,sell,20,2023-10-20T18:39:28.000+00:00
90,sell,23,2023-10-21T11:49:51.000+00:00
105,sell,1,2023-10-22T10:04:35.000+00:00
83,sell,1,2023-10-22T17:12:29.000+00:00
110,sell,1,2023-10-23T01:43:10.000+00:00
88,sell,1,2023-10-26T16:02:04.000+00:00
100,sell,1,2023-10-28T06:52:13.000+00:00
110,sell,5,2023-10-28T15:23:05.000+00:00
50,buy,1,2023-10-29T08:11:43.000+00:00
100,sell,3,2023-10-30T10:20:44.000+00:00
90,sell,1,2023-11-01T15:25:04.000+00:00
100,sell,1,2023-11-03T01:43:46.000+00:00
80,sell,1,2023-11-03T16:05:48.000+00:00
120,sell,5,2023-11-04T11:29:53.000+00:00
220,sell,1,2023-11-05T00:50:27.000+00:00
100,sell,1,2023-11-05T16:52:03.000+00:00
109,sell,2,2023-11-12T17:43:01.000+00:00
125,sell,1,2023-11-14T09:53:30.000+00:00
149,sell,1,2023-11-16T23:33:25.000+00:00
87,sell,17,2023-11-17T18:40:43.000+00:00
110,sell,1,2023-11-19T07:54:47.000+00:00
70,buy,1,2023-11-21T06:50:47.000+00:00
90,sell,2,2023-11-21T17:44:04.000+00:00
100,sell,2,2023-11-23T11:39:03.000+00:00
109,sell,1,2023-11-23T11:48:15.000+00:00
115,sell,1,2023-11-23T21:48:29.000+00:00
118,sell,7,2023-11-24T14:45:52.000+00:00
61,buy,1,2023-11-25T20:19:41.000+00:00
80,sell,1,2023-11-30T17:54:49.000+00:00
110,sell,1,2023-12-01T09:18:25.000+00:00
120,sell,2,2023-12-02T04:27:36.000+00:00
95,sell,20,2023-12-03T02:02:03.000+00:00
139,sell,1,2023-12-03T18:51:50.000+00:00
85,sell,3,2023-12-04T05:56:09.000+00:00
250,sell,7,2023-12-04T09:18:13.000+00:00
110,sell,4,2023-12-05T02:52:42.000+00:00
85,sell,3,2023-12-05T04:55:02.000+00:00
100,sell,1,2023-12-05T09:14:33.000+00:00
71,buy,2,2023-12-06T16:11:32.000+00:00
110,sell,1,2023-12-08T07:40:16.000+00:00
105,sell,6,2023-12-08T15:22:42.000+00:00
105,sell,1,2023-12-08T15:38:17.000+00:00
100,sell,6,2023-12-09T06:06:29.000+00:00
200,sell,5,2023-12-10T13:36:16.000+00:00
100,sell,1,2023-12-11T14:00:56.000+00:00
100,sell,3,2023-12-13T09:36:03.000+00:00
130,sell,10,2023-12-15T06:10:14.000+00:00
85,sell,11,2023-12-15T19:33:58.000+00:00
95,sell,2,2023-12-16T00:38:19.000+00:00
100,sell,1,2023-12-16T03:12:02.000+00:00
100,sell,10,2023-12-17T09:10:26.000+00:00
50,buy,6,2023-12-18T17:49:29.000+00:00
100,sell,2,2023-12-19T20:26:15.000+00:00
110,sell,1,2023-12-19T23:41:03.000+00:00
100,sell,9,2023-12-20T19:42:27.000+00:00
100,sell,5,2023-12-21T19:03:34.000+00:00
120,sell,1,2023-12-21T22:41:12.000+00:00
55,buy,6,2023-12-22T01:09:37.000+00:00
83,sell,5,2023-12-22T03:06:37.000+00:00
60,buy,3,2023-12-22T04:12:10.000+00:00
120,sell,2,2023-12-22T07:03:24.000+00:00
100,sell,2,2023-12-22T11:59:15.000+00:00
100,sell,12,2023-12-22T18:28:10.000+00:00
100,sell,2,2023-12-22T18:56:10.000+00:00
50,buy,6,2023-12-23T00:43:55.000+00:00
100,sell,1,2023-12-23T04:44:47.000+00:00
99,sell,1,2023-12-23T05:15:20.000+00:00
63,buy,100,2023-12-24T13:10:42.000+00:00
110,sell,1,2023-12-25T15:43:20.000+00:00
90,sell,2,2023-12-26T06:59:32.000+00:00
66,buy,18,2023-12-26T12:12:11.000+00:00
55,buy,1,2023-12-26T17:08:53.000+00:00
99,sell,5,2023-12-27T19:37:12.000+00:00
100,sell,1,2023-12-28T06:00:16.000+00:00
100,sell,1,2023-12-28T07:26:09.000+00:00
85,sell,7,2023-12-28T11:32:12.000+00:00
100,sell,10,2023-12-28T14:22:47.000+00:00
95,sell,1,2023-12-28T14:55:45.000+00:00
100,sell,1,2023-12-29T09:22:11.000+00:00
100,sell,30,2023-12-30T22:36:55.000+00:00
105,sell,1,2023-12-30T23:16:02.000+00:00
90,sell,57,2023-12-31T01:50:45.000+00:00
90,sell,1,2023-12-31T18:36:32.000+00:00
110,sell,9,2024-01-01T05:43:33.000+00:00
100,sell,3,2024-01-01T17:14:59.000+00:00
100,sell,1,2024-01-02T16:58:02.000+00:00
90,sell,105,2024-01-02T22:59:12.000+00:00
250,sell,1,2024-01-03T00:54:25.000+00:00
100,sell,3,2024-01-04T04:42:16.000+00:00
95,sell,1,2024-01-04T08:20:46.000+00:00
100,sell,1,2024-01-04T10:28:33.000+00:00
100,sell,2,2024-01-04T13:14:49.000+00:00
95,sell,3,2024-01-05T02:20:08.000+00:00
120,sell,11,2024-01-05T03:43:42.000+00:00
89,sell,16,2024-01-05T18:14:09.000+00:00
90,sell,1,2024-01-06T11:04:01.000+00:00
100,sell,1,2024-01-06T13:05:48.000+00:00
100,sell,47,2024-01-06T15:12:17.000+00:00
50,buy,1,2024-01-06T15:50:56.000+00:00
90,sell,20,2024-01-06T15:56:09.000+00:00
120,sell,10,2024-01-06T16:18:45.000+00:00
130,sell,5,2024-01-07T02:41:49.000+00:00
90,sell,7,2024-01-07T14:37:34.000+00:00
88,sell,42,2024-01-08T16:25:56.000+00:00
100,sell,2,2024-01-09T05:54:39.000+00:00
62,buy,1,2024-01-09T22:28:06.000+00:00
120,sell,15,2024-01-10T23:27:09.000+00:00
100,sell,12,2024-01-11T03:48:54.000+00:00
95,sell,111,2024-01-11T14:42:46.000+00:00
120,sell,2,2024-01-11T17:04:15.000+00:00
90,sell,1,2024-01-11T18:15:49.000+00:00
100,sell,1,2024-01-12T00:11:30.000+00:00
100,sell,3,2024-01-12T14:10:10.000+00:00
99,sell,1,2024-01-12T22:22:35.000+00:00
100,sell,1,2024-01-13T01:13:14.000+00:00
80,sell,80,2024-01-13T02:47:04.000+00:00
130,sell,6,2024-01-13T09:05:12.000+00:00
150,sell,1,2024-01-13T17:21:23.000+00:00
100,sell,1,2024-01-14T15:52:34.000+00:00
100,sell,1,2024-01-15T10:22:30.000+00:00
100,sell,1,2024-01-16T20:49:38.000+00:00
199,sell,3,2024-01-16T23:42:36.000+00:00
95,sell,5,2024-01-17T00:55:31.000+00:00
89,sell,13,2024-01-17T01:05:07.000+00:00
100,sell,1,2024-01-17T01:41:30.000+00:00
80,buy,1,2024-01-17T13:11:21.000+00:00
72,buy,1,2024-01-17T13:23:59.000+00:00
100,sell,2,2024-01-17T23:15:24.000+00:00
65,buy,99,2024-01-18T02:30:29.000+00:00
100,sell,1,2024-01-18T06:10:37.000+00:00
120,sell,1,2024-01-18T13:55:56.000+00:00
100,sell,1,2024-01-18T18:53:26.000+00:00
95,sell,1,2024-01-18T21:02:24.000+00:00
100,sell,1,2024-01-18T22:56:07.000+00:00
90,sell,2,2024-01-20T01:20:00.000+00:00
100,sell,9,2024-01-20T10:46:00.000+00:00
100,sell,1,2024-01-20T16:12:58.000+00:00
90,sell,2,2024-01-21T00:22:42.000+00:00
90,sell,1,2024-01-21T03:18:41.000+00:00
100,sell,2,2024-01-21T04:17:55.000+00:00
85,sell,1,2024-01-22T01:05:23.000+00:00
99,sell,1,2024-01-23T09:47:57.000+00:00
99,sell,1,2024-01-23T22:39:43.000+00:00
120,sell,1,2024-01-24T02:04:41.000+00:00
95,sell,2,2024-01-24T05:13:15.000+00:00
100,sell,1,2024-01-25T04:06:05.000+00:00
100,sell,2,2024-01-25T06:51:43.000+00:00
99,sell,2,2024-01-25T09:02:37.000+00:00
100,sell,1,2024-01-25T13:34:13.000+00:00
100,sell,12,2024-01-26T06:28:02.000+00:00
119,sell,1,2024-01-26T19:03:38.000+00:00
300,sell,5,2024-01-26T22:08:22.000+00:00
90,sell,1,2024-01-27T04:38:38.000+00:00
100,sell,2,2024-01-27T08:23:48.000+00:00
100,sell,5,2024-01-27T13:15:18.000+00:00
150,sell,1,2024-01-27T17:41:10.000+00:00
100,sell,22,2024-01-27T20:53:33.000+00:00
130,sell,1,2024-01-28T09:53:43.000+00:00
100,sell,2,2024-01-28T21:16:05.000+00:00
60,buy,10,2024-01-28T22:50:14.000+00:00
99,sell,1,2024-01-28T23:52:37.000+00:00
150,sell,1,2024-01-29T09:38:36.000+00:00
98,sell,1,2024-01-29T15:33:18.000+00:00
115,sell,1,2024-01-29T15:33:32.000+00:00
50,buy,50,2024-01-30T03:17:54.000+00:00
100,sell,3,2024-01-30T07:55:21.000+00:00
100,sell,1,2024-01-31T00:33:46.000+00:00
85,sell,1,2024-01-31T09:20:49.000+00:00
90,sell,1,2024-02-01T17:25:36.000+00:00
100,sell,6,2024-02-01T23:35:32.000+00:00
95,sell,1,2024-02-02T08:40:19.000+00:00
100,sell,2,2024-02-02T16:21:13.000+00:00
50,buy,1,2024-02-02T18:29:34.000+00:00
85,sell,3,2024-02-03T09:59:59.000+00:00
100,sell,1,2024-02-03T11:49:26.000+00:00
100,sell,1,2024-02-03T13:07:33.000+00:00
90,sell,2,2024-02-03T14:29:19.000+00:00
66,buy,96,2024-02-03T23:41:06.000+00:00
107,sell,7,2024-02-04T08:52:16.000+00:00
100,sell,1,2024-02-04T13:23:41.000+00:00
120,sell,2,2024-02-04T14:51:55.000+00:00
99,sell,12,2024-02-05T14:50:53.000+00:00
120,sell,1,2024-02-05T21:11:09.000+00:00
80,sell,1,2024-02-06T00:52:10.000+00:00
85,sell,1,2024-02-06T09:23:38.000+00:00
100,sell,1,2024-02-06T16:01:52.000+00:00
90,sell,1,2024-02-06T16:44:14.000+00:00
130,sell,1,2024-02-06T22:55:35.000+00:00
60,buy,5,2024-02-07T06:08:22.000+00:00
66,buy,6,2024-02-07T11:36:56.000+00:00
100,sell,1,2024-02-07T17:51:32.000+00:00
80,sell,2,2024-02-08T02:26:19.000+00:00
99,sell,1,2024-02-08T02:54:10.000+00:00
250,sell,1,2024-02-08T12:54:26.000+00:00
95,sell,1,2024-02-08T17:21:42.000+00:00
90,sell,1,2024-02-09T09:21:40.000+00:00
100,sell,12,2024-02-09T09:30:58.000+00:00
100,sell,5,2024-02-09T21:05:49.000+00:00
99,sell,45,2024-02-10T07:02:28.000+00:00
100,sell,1,2024-02-10T10:15:56.000+00:00
99,sell,15,2024-02-10T12:20:28.000+00:00
100,sell,3,2024-02-11T00:43:49.000+00:00
100,sell,1,2024-02-11T11:11:47.000+00:00
90,sell,3,2024-02-11T21:39:30.000+00:00
120,sell,4,2024-02-12T05:27:46.000+00:00
85,sell,1,2024-02-12T13:32:28.000+00:00
88,sell,1,2024-02-12T18:47:16.000+00:00
99,sell,2,2024-02-13T12:56:28.000+00:00
120,sell,2,2024-02-13T13:24:50.000+00:00
100,sell,1,2024-02-13T13:54:36.000+00:00
120,sell,1,2024-02-13T16:08:24.000+00:00
100,sell,1,2024-02-15T01:39:27.000+00:00
95,sell,3,2024-02-15T13:36:10.000+00:00
100,sell,10,2024-02-15T23:59:40.000+00:00
90,sell,1,2024-02-16T01:22:57.000+00:00
150,sell,2,2024-02-16T02:48:55.000+00:00
120,sell,9,2024-02-16T03:14:55.000+00:00
100,sell,1,2024-02-16T16:23:31.000+00:00
101,sell,7,2024-02-17T00:42:11.000+00:00
88,sell,10,2024-02-17T04:03:17.000+00:00
100,sell,1,2024-02-17T14:35:33.000+00:00
90,sell,1,2024-02-17T21:36:42.000+00:00
90,sell,5,2024-02-17T22:25:11.000+00:00
110,sell,3,2024-02-18T10:25:19.000+00:00
80,sell,1,2024-02-18T15:15:07.000+00:00
100,sell,20,2024-02-19T14:35:39.000+00:00
20,buy,100,2024-02-19T16:34:51.000+00:00
60,buy,1,2024-02-19T16:58:57.000+00:00
85,sell,1,2024-02-20T02:56:40.000+00:00
100,sell,1,2024-02-20T10:56:58.000+00:00
150,sell,1,2024-02-21T05:23:45.000+00:00
120,sell,1,2024-02-21T08:58:49.000+00:00
150,sell,1,2024-02-21T20:47:57.000+00:00
100,sell,1,2024-02-22T01:02:22.000+00:00
89,sell,1,2024-02-22T02:44:03.000+00:00
100,sell,1,2024-02-22T14:59:09.000+00:00
90,sell,1,2024-02-23T02:40:47.000+00:00
90,sell,1,2024-02-23T06:34:36.000+00:00
100,sell,1,2024-02-23T10:47:50.000+00:00
95,sell,1,2024-02-23T18:58:29.000+00:00
100,sell,1,2024-02-23T21:12:43.000+00:00
95,sell,1,2024-02-25T06:02:51.000+00:00
100,sell,1,2024-02-25T16:02:17.000+00:00
90,sell,1,2024-02-25T17:25:33.000+00:00
140,sell,1,2024-02-25T23:43:28.000+00:00
100,sell,1,2024-02-26T09:14:48.000+00:00
100,sell,1,2024-02-28T00:39:09.000+00:00
100,sell,11,2024-02-28T02:53:49.000+00:00
110,sell,1,2024-02-29T09:01:05.000+00:00
90,sell,8,2024-02-29T20:14:54.000+00:00
90,sell,1,2024-03-01T00:11:54.000+00:00
130,sell,15,2024-03-01T09:25:28.000+00:00
185,sell,1,2024-03-01T11:06:29.000+00:00
85,sell,1,2024-03-01T12:39:55.000+00:00
70,buy,6,2024-03-01T23:46:00.000+00:00
120,sell,6,2024-03-02T00:00:37.000+00:00
110,sell,1,2024-03-02T02:19:51.000+00:00
100,sell,2,2024-03-02T02:31:21.000+00:00
90,sell,1,2024-03-02T08:45:55.000+00:00
120,sell,10,2024-03-02T15:40:13.000+00:00
120,sell,1,2024-03-03T03:30:17.000+00:00
90,sell,1,2024-03-03T09:58:51.000+00:00
98,sell,1,2024-03-03T13:22:57.000+00:00
120,sell,1,2024-03-04T08:47:44.000+00:00
120,sell,1,2024-03-04T10:23:41.000+00:00
90,sell,2,2024-03-04T11:30:13.000+00:00
110,sell,1,2024-03-05T03:20:07.000+00:00
90,sell,2,2024-03-05T07:11:03.000+00:00
100,sell,1,2024-03-05T13:38:32.000+00:00
100,sell,1,2024-03-05T15:19:50.000+00:00
90,sell,1,2024-03-05T15:21:32.000+00:00
100,sell,1,2024-03-05T21:29:22.000+00:00
95,sell,4,2024-03-06T23:42:26.000+00:00
90,sell,10,2024-03-07T13:27:56.000+00:00
88,sell,1,2024-03-07T18:16:41.000+00:00
65,buy,1,2024-03-08T03:31:55.000+00:00
100,sell,5,2024-03-08T08:21:45.000+00:00
100,sell,1,2024-03-08T11:41:41.000+00:00
95,sell,2,2024-03-09T00:32:14.000+00:00
90,sell,1,2024-03-09T07:29:12.000+00:00
100,sell,1,2024-03-09T09:24:28.000+00:00
120,sell,1,2024-03-09T19:24:31.000+00:00
149,sell,1,2024-03-09T20:17:27.000+00:00
150,sell,1,2024-03-10T13:13:53.000+00:00
90,sell,1,2024-03-10T20:13:55.000+00:00
100,sell,1,2024-03-11T09:01:23.000+00:00
90,sell,1,2024-03-11T12:42:20.000+00:00
105,sell,1,2024-03-11T15:42:04.000+00:00
100,sell,1,2024-03-11T15:44:28.000+00:00
90,sell,1,2024-03-12T05:28:43.000+00:00
100,sell,1,2024-03-12T11:08:40.000+00:00
94,sell,3,2024-03-12T13:16:00.000+00:00
100,sell,1,2024-03-13T01:08:12.000+00:00
80,sell,1,2024-03-13T01:10:47.000+00:00
100,sell,1,2024-03-13T03:32:45.000+00:00
120,sell,1,2024-03-13T06:45:35.000+00:00
95,sell,21,2024-03-13T12:08:54.000+00:00
90,sell,1,2024-03-13T13:26:14.000+00:00
180,sell,10,2024-03-13T13:42:38.000+00:00
140,sell,1,2024-03-13T17:32:25.000+00:00
60,buy,10,2024-03-14T19:52:49.000+00:00
118,sell,2,2024-03-14T23:38:32.000+00:00
120,sell,85,2024-03-15T04:44:08.000+00:00
100,sell,3,2024-03-15T06:34:48.000+00:00
90,sell,1,2024-03-15T14:29:00.000+00:00
95,sell,1,2024-03-15T19:42:57.000+00:00
95,sell,4,2024-03-15T20:19:16.000+00:00
90,sell,1,2024-03-16T01:38:00.000+00:00
100,sell,1,2024-03-16T02:33:44.000+00:00
90,sell,1,2024-03-16T04:18:30.000+00:00
100,sell,1,2024-03-16T05:36:28.000+00:00
90,sell,1,2024-03-16T16:52:15.000+00:00
100,sell,1,2024-03-16T18:57:50.000+00:00
110,sell,3,2024-03-16T19:52:33.000+00:00
120,sell,1,2024-03-17T00:23:31.000+00:00
100,sell,1,2024-03-17T04:53:38.000+00:00
99,sell,9,2024-03-17T15:31:06.000+00:00
85,sell,1,2024-03-18T07:02:51.000+00:00
100,sell,1,2024-03-18T19:56:43.000+00:00
90,sell,2,2024-03-19T07:12:29.000+00:00
120,sell,1,2024-03-19T13:24:38.000+00:00
89,sell,2,2024-03-19T15:19:25.000+00:00
155,sell,1,2024-03-19T19:16:14.000+00:00
100,sell,1,2024-03-19T19:27:15.000+00:00
150,sell,2,2024-03-19T22:44:46.000+00:00
99,sell,1,2024-03-20T02:33:16.000+00:00
100,sell,2,2024-03-20T09:48:27.000+00:00
100,sell,1,2024-03-20T15:46:19.000+00:00
100,sell,1,2024-03-20T17:44:48.000+00:00
88,sell,1,2024-03-20T18:10:06.000+00:00
90,sell,1,2024-03-20T19:21:44.000+00:00
50,buy,1,2024-03-20T20:42:46.000+00:00
100,sell,20,2024-03-20T23:17:06.000+00:00
100,sell,2,2024-03-21T16:12:58.000+00:00
100,sell,1,2024-03-22T15:26:15.000+00:00
95,sell,1,2024-03-22T15:49:24.000+00:00
89,sell,1,2024-03-22T16:05:14.000+00:00
160,sell,10,2024-03-22T19:31:38.000+00:00
110,sell,1,2024-03-22T20:52:58.000+00:00
120,sell,2,2024-03-22T21:07:46.000+00:00
100,sell,1,2024-03-22T23:24:22.000+00:00
90,sell,1,2024-03-23T07:58:26.000+00:00
100,sell,1,2024-03-23T09:26:38.000+00:00
90,sell,1,2024-03-23T17:12:51.000+00:00
85,sell,1,2024-03-23T18:05:00.000+00:00
90,sell,2,2024-03-23T18:19:51.000+00:00
94,sell,1,2024-03-24T03:04:14.000+00:00
60,buy,1,2024-03-24T08:23:17.000+00:00
115,sell,3,2024-03-24T08:54:50.000+00:00
95,sell,20,2024-03-24T09:41:17.000+00:00
100,sell,1,2024-03-24T10:05:16.000+00:00
89,sell,1,2024-03-25T14:19:13.000+00:00
99,sell,20,2024-03-26T15:38:01.000+00:00
90,sell,1,2024-03-26T18:48:58.000+00:00
100,sell,3,2024-03-26T18:55:42.000+00:00
129,sell,1,2024-03-26T19:11:58.000+00:00
88,sell,1,2024-03-27T02:48:49.000+00:00
100,sell,3,2024-03-27T09:06:41.000+00:00
120,sell,1,2024-03-27T20:57:39.000+00:00
100,sell,1,2024-03-28T07:23:07.000+00:00
100,sell,1,2024-03-28T09:21:46.000+00:00
90,sell,3,2024-03-28T13:03:48.000+00:00
90,sell,6,2024-03-28T14:57:55.000+00:00
95,sell,1,2024-03-28T15:30:26.000+00:00
50,buy,4,2024-03-29T04:14:55.000+00:00
90,sell,1,2024-03-29T05:26:46.000+00:00
100,sell,1,2024-03-29T09:38:52.000+00:00
100,sell,2,2024-03-29T10:32:40.000+00:00
90,sell,25,2024-03-29T15:50:38.000+00:00
90,sell,1,2024-03-29T19:09:20.000+00:00
94,sell,1,2024-03-30T00:35:26.000+00:00
100,sell,7,2024-03-30T01:02:18.000+00:00
94,sell,1,2024-03-30T05:20:34.000+00:00
100,sell,8,2024-03-30T06:21:19.000+00:00
90,sell,1,2024-03-30T08:49:50.000+00:00
90,sell,1,2024-03-30T12:40:16.000+00:00
90,sell,1,2024-03-30T14:15:45.000+00:00
95,sell,1,2024-03-30T15:51:52.000+00:00
110,sell,1,2024-03-30T19:02:33.000+00:00
100,sell,5,2024-03-30T20:47:01.000+00:00
99,sell,1,2024-03-31T01:29:12.000+00:00
90,sell,1,2024-03-31T04:20:46.000+00:00
90,sell,1,2024-03-31T10:18:25.000+00:00
120,sell,1,2024-03-31T18:01:28.000+00:00
100,sell,1,2024-03-31T21:21:36.000+00:00
90,sell,6,2024-04-01T01:08:08.000+00:00
50,buy,1,2024-04-01T01:54:37.000+00:00
90,sell,3,2024-04-01T04:02:13.000+00:00
85,sell,1,2024-04-01T13:59:22.000+00:00
90,sell,1,2024-04-01T14:04:25.000+00:00
100,sell,1,2024-04-01T18:42:23.000+00:00
90,sell,12,2024-04-02T03:08:50.000+00:00
89,sell,3,2024-04-02T04:23:27.000+00:00
100,sell,2,2024-04-02T15:19:30.000+00:00
90,sell,10,2024-04-03T01:39:21.000+00:00
95,sell,1,2024-04-03T04:03:43.000+00:00
90,sell,10,2024-04-03T05:23:40.000+00:00
89,sell,1,2024-04-03T07:27:09.000+00:00
90,sell,1,2024-04-03T12:44:54.000+00:00
100,sell,4,2024-04-03T15:58:20.000+00:00
100,sell,6,2024-04-04T04:47:28.000+00:00
100,sell,1,2024-04-05T06:38:22.000+00:00
90,sell,4,2024-04-05T11:45:40.000+00:00
90,sell,1,2024-04-05T13:14:32.000+00:00
85,sell,2,2024-04-05T13:40:36.000+00:00
90,sell,1,2024-04-05T16:00:12.000+00:00
85,sell,1,2024-04-05T17:35:39.000+00:00
100,sell,1,2024-04-06T01:22:08.000+00:00
90,sell,1,2024-04-06T08:09:21.000+00:00
90,sell,3,2024-04-06T14:00:11.000+00:00
90,sell,2,2024-04-06T16:30:17.000+00:00
88,sell,3,2024-04-06T18:53:59.000+00:00
62,buy,1,2024-04-06T20:48:01.000+00:00
90,sell,1,2024-04-07T08:28:00.000+00:00
130,sell,1,2024-04-07T15:29:42.000+00:00
90,sell,1,2024-04-07T17:02:21.000+00:00
60,sell,1,2024-04-08T03:48:03.000+00:00
90,sell,3,2024-04-08T05:45:23.000+00:00
90,sell,1,2024-04-08T12:19:30.000+00:00
45,buy,1,2024-04-08T13:33:33.000+00:00
60,buy,1,2024-04-08T22:17:13.000+00:00
99,sell,11,2024-04-08T22:20:55.000+00:00
85,sell,1,2024-04-09T15:49:03.000+00:00
90,sell,1,2024-04-09T21:31:21.000+00:00
99,sell,1,2024-04-10T04:40:16.000+00:00
100,sell,1,2024-04-10T09:17:25.000+00:00
100,sell,1,2024-04-10T22:14:07.000+00:00
87,sell,1,2024-04-11T03:11:35.000+00:00
100,sell,1,2024-04-11T03:58:54.000+00:00
100,sell,1,2024-04-11T06:32:30.000+00:00
90,sell,3,2024-04-11T10:38:22.000+00:00
95,sell,1,2024-04-11T17:36:47.000+00:00
100,sell,2,2024-04-12T11:08:06.000+00:00
89,sell,2,2024-04-13T04:28:05.000+00:00
90,sell,1,2024-04-13T04:33:19.000+00:00
90,sell,2,2024-04-13T09:46:10.000+00:00
90,sell,1,2024-04-13T18:15:40.000+00:00
99,sell,2,2024-04-13T21:01:52.000+00:00
65,buy,1,2024-04-13T23:39:26.000+00:00
90,sell,2,2024-04-14T00:25:41.000+00:00
90,sell,7,2024-04-14T03:07:24.000+00:00
90,sell,2,2024-04-14T09:09:43.000+00:00
90,sell,1,2024-04-14T12:16:23.000+00:00
90,sell,1,2024-04-14T13:42:45.000+00:00
100,sell,1,2024-04-14T14:10:05.000+00:00
120,sell,1,2024-04-14T15:20:03.000+00:00
50,buy,1,2024-04-15T02:05:32.000+00:00
90,sell,1,2024-04-15T04:53:40.000+00:00
90,sell,2,2024-04-15T09:44:07.000+00:00
111,sell,1,2024-04-15T11:16:11.000+00:00
90,sell,2,2024-04-15T11:31:33.000+00:00
90,sell,2,2024-04-15T13:35:12.000+00:00
200,sell,1,2024-04-16T02:37:03.000+00:00
90,sell,1,2024-04-16T03:50:04.000+00:00
90,sell,1,2024-04-16T11:18:17.000+00:00
110,sell,80,2024-04-16T13:40:03.000+00:00
90,sell,1,2024-04-16T14:25:27.000+00:00
100,sell,1,2024-04-16T14:27:50.000+00:00
100,sell,1,2024-04-16T16:12:16.000+00:00
90,sell,1,2024-04-17T10:33:02.000+00:00
60,buy,1,2024-04-17T11:02:22.000+00:00
90,sell,1,2024-04-17T14:49:58.000+00:00
99,sell,1,2024-04-17T16:57:11.000+00:00
88,sell,1,2024-04-17T23:38:41.000+00:00
95,sell,1,2024-04-18T02:21:30.000+00:00
96,sell,1,2024-04-19T00:54:43.000+00:00
90,sell,1,2024-04-19T07:10:06.000+00:00
90,sell,1,2024-04-19T09:37:16.000+00:00
100,sell,1,2024-04-19T13:58:38.000+00:00
90,sell,1,2024-04-19T15:35:19.000+00:00
90,sell,1,2024-04-19T20:22:39.000+00:00
95,sell,13,2024-04-20T03:36:07.000+00:00
85,sell,1,2024-04-20T16:18:20.000+00:00
90,sell,1,2024-04-20T20:26:44.000+00:00
80,sell,4,2024-04-20T22:13:02.000+00:00
100,sell,6,2024-04-21T02:43:51.000+00:00
90,sell,4,2024-04-21T08:06:36.000+00:00
90,sell,1,2024-04-21T11:20:05.000+00:00
61,buy,1,2024-04-21T12:39:52.000+00:00
62,buy,1,2024-04-21T17:08:19.000+00:00
100,sell,3,2024-04-22T00:31:12.000+00:00
62,buy,5,2024-04-22T06:20:53.000+00:00
61,buy,4,2024-04-22T11:22:40.000+00:00
100,sell,1,2024-04-22T17:53:08.000+00:00
85,buy,1,2024-04-23T03:00:10.000+00:00
80,sell,1,2024-04-23T06:28:08.000+00:00
119,sell,1,2024-04-23T14:19:56.000+00:00
90,sell,1,2024-04-23T15:10:45.000+00:00
100,sell,1,2024-04-23T15:57:04.000+00:00
90,sell,1,2024-04-23T15:57:24.000+00:00
100,sell,1,2024-04-24T01:34:43.000+00:00
89,sell,1,2024-04-24T04:46:33.000+00:00
119,sell,1,2024-04-24T14:48:52.000+00:00
70,buy,2,2024-04-24T21:35:21.000+00:00
90,sell,1,2024-04-24T21:52:32.000+00:00
99,sell,10,2024-04-25T06:51:39.000+00:00
90,sell,1,2024-04-25T15:09:52.000+00:00
80,sell,1,2024-04-25T17:11:50.000+00:00
90,sell,1,2024-04-26T03:56:26.000+00:00
110,sell,1,2024-04-26T12:11:13.000+00:00
100,sell,1,2024-04-26T15:26:48.000+00:00
87,sell,1,2024-04-26T17:15:39.000+00:00
80,sell,1,2024-04-27T10:09:21.000+00:00
119,sell,1,2024-04-27T13:59:59.000+00:00
69,buy,1,2024-04-27T20:14:51.000+00:00
99,sell,2,2024-04-27T20:44:57.000+00:00
90,sell,1,2024-04-27T23:59:41.000+00:00
1003,sell,2,2024-04-28T00:55:09.000+00:00
100,sell,2,2024-04-28T09:59:46.000+00:00
90,sell,2,2024-04-28T10:08:09.000+00:00
100,sell,1,2024-04-28T10:25:28.000+00:00
100,sell,1,2024-04-28T14:32:05.000+00:00
90,sell,2,2024-04-28T15:33:17.000+00:00
89,sell,10,2024-04-28T16:35:47.000+00:00
94,sell,1,2024-04-28T23:29:41.000+00:00
80,sell,1,2024-04-29T00:05:41.000+00:00
100,sell,1,2024-04-29T05:25:42.000+00:00
85,sell,2,2024-04-29T08:55:47.000+00:00
95,sell,3,2024-04-29T09:38:20.000+00:00
75,buy,1,2024-04-29T10:48:14.000+00:00
120,sell,1,2024-04-29T15:51:14.000+00:00
90,sell,1,2024-04-29T16:04:05.000+00:00
60,buy,989,2024-04-29T16:32:59.000+00:00
90,sell,1,2024-04-29T17:30:46.000+00:00
90,sell,1,2024-04-30T01:51:29.000+00:00
90,sell,1,2024-04-30T02:56:13.000+00:00
100,sell,2,2024-04-30T04:20:45.000+00:00
100,sell,1,2024-04-30T14:54:57.000+00:00
90,sell,1,2024-04-30T19:16:22.000+00:00
90,sell,1,2024-05-01T01:56:55.000+00:00
90,sell,1,2024-05-01T03:42:15.000+00:00
90,sell,2,2024-05-01T05:24:25.000+00:00
70,buy,2,2024-05-01T06:35:57.000+00:00
90,sell,1,2024-05-01T10:17:08.000+00:00
90,sell,1,2024-05-01T13:22:52.000+00:00
89,sell,1,2024-05-01T13:42:53.000+00:00
85,sell,1,2024-05-01T16:41:27.000+00:00
90,sell,3,2024-05-01T18:01:47.000+00:00
95,sell,1,2024-05-02T00:07:53.000+00:00
100,sell,1,2024-05-02T09:52:16.000+00:00
60,buy,1,2024-05-02T12:10:36.000+00:00
90,sell,1,2024-05-02T13:22:00.000+00:00
90,sell,1,2024-05-02T20:33:19.000+00:00
95,sell,1,2024-05-03T08:00:00.000+00:00
85,sell,1,2024-05-03T08:20:49.000+00:00
85,sell,2,2024-05-03T08:41:56.000+00:00
90,sell,2,2024-05-03T13:56:01.000+00:00
89,sell,2,2024-05-03T14:25:38.000+00:00
95,sell,6,2024-05-03T14:30:13.000+00:00
90,sell,1,2024-05-03T17:00:43.000+00:00
111,sell,1,2024-05-03T18:44:37.000+00:00
90,sell,2,2024-05-03T19:10:35.000+00:00
90,sell,1,2024-05-03T19:20:11.000+00:00
90,sell,2,2024-05-03T19:32:21.000+00:00
95,sell,3,2024-05-03T19:55:43.000+00:00
65,buy,3,2024-05-03T22:30:28.000+00:00
90,sell,10,2024-05-04T02:24:42.000+00:00
95,sell,2,2024-05-04T09:43:23.000+00:00
80,sell,1,2024-05-04T10:31:22.000+00:00
99,sell,5,2024-05-04T10:41:22.000+00:00
87,sell,1,2024-05-04T12:46:26.000+00:00
85,sell,1,2024-05-04T14:39:44.000+00:00
85,sell,1,2024-05-04T16:25:24.000+00:00
95,sell,1,2024-05-04T16:53:46.000+00:00
150,sell,1,2024-05-04T17:44:15.000+00:00
90,sell,2,2024-05-04T19:56:26.000+00:00
130,sell,1,2024-05-04T23:08:06.000+00:00
155,sell,1,2024-05-04T23:36:45.000+00:00
100,sell,5,2024-05-05T00:31:03.000+00:00
90,sell,2,2024-05-05T01:34:57.000+00:00
90,sell,1,2024-05-05T01:55:49.000+00:00
90,sell,1,2024-05-05T03:00:31.000+00:00
85,sell,1,2024-05-05T05:30:18.000+00:00
88,sell,1,2024-05-05T08:07:13.000+00:00
90,sell,2,2024-05-05T11:42:42.000+00:00
90,sell,1,2024-05-05T12:58:12.000+00:00
89,sell,1,2024-05-05T14:04:04.000+00:00
100,sell,5,2024-05-05T14:53:32.000+00:00
100,sell,1,2024-05-05T18:03:01.000+00:00
90,sell,1,2024-05-05T22:39:22.000+00:00
90,sell,1,2024-05-06T02:08:53.000+00:00
90,sell,1,2024-05-06T04:12:37.000+00:00
120,sell,1,2024-05-06T09:46:23.000+00:00
90,sell,1,2024-05-06T18:44:16.000+00:00
80,sell,1,2024-05-06T20:08:55.000+00:00
61,buy,10,2024-05-06T20:41:58.000+00:00
97,sell,1,2024-05-06T22:27:21.000+00:00
85,sell,19,2024-05-07T01:49:11.000+00:00
90,sell,1,2024-05-07T09:54:32.000+00:00
150,sell,1,2024-05-07T17:41:26.000+00:00
60,buy,1,2024-05-07T20:37:47.000+00:00
100,sell,1,2024-05-07T21:56:07.000+00:00
30,buy,1,2024-05-07T23:11:22.000+00:00
115,sell,1,2024-05-08T01:02:06.000+00:00
70,buy,1,2024-05-08T04:34:58.000+00:00
90,sell,1,2024-05-08T05:19:36.000+00:00
100,sell,1,2024-05-08T06:02:55.000+00:00
90,sell,1,2024-05-08T08:19:13.000+00:00
84,sell,1,2024-05-08T12:41:40.000+00:00
95,sell,1,2024-05-08T15:13:34.000+00:00
30,buy,1,2024-05-08T17:52:22.000+00:00
100,sell,1,2024-05-08T18:34:37.000+00:00
90,sell,1,2024-05-09T00:19:18.000+00:00
90,sell,5,2024-05-09T03:56:29.000+00:00
61,buy,1,2024-05-09T04:42:11.000+00:00
100,sell,1,2024-05-09T05:23:25.000+00:00
90,sell,1,2024-05-09T08:48:29.000+00:00
90,sell,1,2024-05-09T10:02:20.000+00:00
90,sell,1,2024-05-09T10:12:46.000+00:00
85,sell,1,2024-05-09T10:45:56.000+00:00
85,sell,1,2024-05-09T13:42:24.000+00:00
95,sell,1,2024-05-09T14:03:52.000+00:00
71,buy,1,2024-05-09T14:41:37.000+00:00
90,sell,2,2024-05-09T18:58:37.000+00:00
90,sell,1,2024-05-09T19:49:56.000+00:00
90,sell,1,2024-05-10T03:06:57.000+00:00
60,buy,5,2024-05-10T06:25:25.000+00:00
90,sell,2,2024-05-10T13:13:31.000+00:00
90,sell,1,2024-05-10T13:35:08.000+00:00
85,sell,2,2024-05-10T13:45:24.000+00:00
70,buy,1,2024-05-10T16:58:29.000+00:00
75,buy,93,2024-05-10T18:40:29.000+00:00
100,sell,5,2024-05-10T22:09:38.000+00:00
100,sell,1,2024-05-11T00:11:22.000+00:00
90,sell,1,2024-05-11T02:42:14.000+00:00
90,sell,1,2024-05-11T04:17:56.000+00:00
30,buy,1,2024-05-11T06:45:33.000+00:00
83,sell,1,2024-05-11T07:05:29.000+00:00
85,sell,1,2024-05-11T07:30:30.000+00:00
85,sell,8,2024-05-11T08:58:23.000+00:00
100,sell,1,2024-05-11T09:42:49.000+00:00
72,buy,6,2024-05-11T12:48:47.000+00:00
90,sell,1,2024-05-11T13:16:14.000+00:00
94,sell,1,2024-05-11T14:35:30.000+00:00
89,sell,1,2024-05-11T14:52:46.000+00:00
90,sell,1,2024-05-11T20:19:47.000+00:00
100,sell,1,2024-05-11T20:33:17.000+00:00
85,sell,1,2024-05-11T23:20:05.000+00:00
100,sell,1,2024-05-12T00:55:21.000+00:00
90,sell,1,2024-05-12T05:44:31.000+00:00
90,sell,2,2024-05-12T07:22:09.000+00:00
85,sell,1,2024-05-12T08:31:53.000+00:00
87,sell,1,2024-05-12T09:02:38.000+00:00
99,sell,1,2024-05-12T11:23:17.000+00:00
90,sell,1,2024-05-12T12:07:45.000+00:00
89,sell,1,2024-05-12T15:11:30.000+00:00
90,sell,2,2024-05-12T15:13:46.000+00:00
90,sell,2,2024-05-12T16:58:22.000+00:00
100,sell,1,2024-05-12T19:03:31.000+00:00
90,sell,8,2024-05-12T21:19:26.000+00:00
100,sell,1,2024-05-12T23:15:10.000+00:00
89,sell,1,2024-05-13T02:20:57.000+00:00
90,sell,1,2024-05-13T03:35:29.000+00:00
90,sell,2,2024-05-13T05:41:43.000+00:00
90,sell,1,2024-05-13T05:58:20.000+00:00
61,buy,1,2024-05-13T06:37:54.000+00:00
90,sell,2,2024-05-13T08:41:40.000+00:00
100,sell,1,2024-05-13T16:27:10.000+00:00
90,sell,2,2024-05-13T17:14:14.000+00:00
100,sell,1,2024-05-13T18:28:33.000+00:00
1,buy,999,2024-05-13T18:42:15.000+00:00
66,buy,1,2024-05-13T20:02:07.000+00:00
100,sell,6,2024-05-14T03:13:35.000+00:00
85,sell,6,2024-05-14T05:56:29.000+00:00
50,buy,1,2024-05-14T06:00:13.000+00:00
90,sell,4,2024-05-14T07:47:17.000+00:00
100,sell,1,2024-05-14T13:35:25.000+00:00
88,sell,1,2024-05-14T13:53:56.000+00:00
78,sell,1,2024-05-14T15:30:56.000+00:00
95,sell,20,2024-05-14T15:43:58.000+00:00
99,sell,2,2024-05-14T17:35:48.000+00:00
90,sell,1,2024-05-14T19:00:22.000+00:00
95,sell,1,2024-05-14T19:54:40.000+00:00
105,sell,1,2024-05-14T21:44:26.000+00:00
100,sell,1,2024-05-14T22:08:19.000+00:00
90,sell,1,2024-05-15T03:33:45.000+00:00
90,sell,1,2024-05-15T05:06:06.000+00:00
66,buy,9,2024-05-15T18:06:53.000+00:00
90,sell,3,2024-05-15T18:28:45.000+00:00
90,sell,1,2024-05-16T00:06:00.000+00:00
105,sell,1,2024-05-16T02:43:26.000+00:00
90,sell,1,2024-05-16T06:27:54.000+00:00
89,sell,1,2024-05-16T10:07:45.000+00:00
120,sell,6,2024-05-16T10:40:31.000+00:00
65,buy,1,2024-05-16T16:41:33.000+00:00
100,sell,1,2024-05-16T18:23:39.000+00:00
90,sell,2,2024-05-17T00:25:32.000+00:00
130,sell,2,2024-05-17T02:59:33.000+00:00
70,buy,1,2024-05-17T03:15:02.000+00:00
60,buy,1,2024-05-17T05:17:00.000+00:00
111,sell,1,2024-05-17T05:48:55.000+00:00
90,sell,1,2024-05-17T13:40:03.000+00:00
90,sell,1,2024-05-17T14:16:30.000+00:00
70,buy,10,2024-05-17T14:37:01.000+00:00
84,sell,2,2024-05-17T14:39:05.000+00:00
65,buy,1,2024-05-17T17:02:33.000+00:00
300,sell,1,2024-05-17T18:41:14.000+00:00
90,sell,1,2024-05-17T19:15:42.000+00:00
90,sell,1,2024-05-17T19:48:21.000+00:00
70,buy,1,2024-05-17T20:00:34.000+00:00
100,sell,1,2024-05-17T20:32:07.000+00:00
90,sell,1,2024-05-17T22:51:48.000+00:00
100,sell,1,2024-05-17T23:11:09.000+00:00
89,sell,1,2024-05-18T00:33:31.000+00:00
88,sell,4,2024-05-18T00:41:25.000+00:00
90,sell,2,2024-05-18T01:10:00.000+00:00
100,sell,1,2024-05-18T01:59:28.000+00:00
90,sell,1,2024-05-18T02:41:58.000+00:00
95,sell,1,2024-05-18T03:39:51.000+00:00
93,sell,1,2024-05-18T03:54:52.000+00:00
90,sell,1,2024-05-18T04:02:49.000+00:00
70,buy,1,2024-05-18T05:04:05.000+00:00
90,sell,1,2024-05-18T07:40:21.000+00:00
85,sell,1,2024-05-18T12:20:59.000+00:00
85,sell,3,2024-05-18T13:13:43.000+00:00
90,sell,3,2024-05-18T13:38:29.000+00:00
100,sell,1,2024-05-18T15:28:25.000+00:00
88,sell,1,2024-05-18T17:03:05.000+00:00
85,sell,1,2024-05-18T17:05:43.000+00:00
80,sell,1,2024-05-18T17:06:53.000+00:00
120,sell,1,2024-05-18T18:05:18.000+00:00
90,sell,2,2024-05-18T18:10:41.000+00:00
100,sell,1,2024-05-18T18:25:46.000+00:00
90,sell,1,2024-05-18T19:08:01.000+00:00
150,sell,1,2024-05-18T19:59:53.000+00:00
110,sell,1,2024-05-18T20:25:40.000+00:00
90,sell,1,2024-05-18T22:08:56.000+00:00
65,buy,1,2024-05-18T22:36:31.000+00:00
90,sell,10,2024-05-19T01:25:00.000+00:00
84,sell,5,2024-05-19T04:39:12.000+00:00
90,sell,3,2024-05-19T08:07:22.000+00:00
90,sell,14,2024-05-19T08:11:26.000+00:00
90,sell,1,2024-05-19T08:20:52.000+00:00
84,sell,1,2024-05-19T11:19:26.000+00:00
90,sell,5,2024-05-19T11:51:45.000+00:00
100,sell,99,2024-05-19T13:08:46.000+00:00
110,sell,99,2024-05-19T13:25:58.000+00:00
85,sell,1,2024-05-19T14:17:52.000+00:00
90,sell,1,2024-05-19T14:49:44.000+00:00
65,buy,1,2024-05-19T15:03:17.000+00:00
99,sell,1,2024-05-19T17:05:49.000+00:00
65,buy,1,2024-05-19T17:19:58.000+00:00
90,sell,2,2024-05-19T17:22:47.000+00:00
89,sell,1,2024-05-19T20:32:38.000+00:00
60,buy,1,2024-05-19T20:38:01.000+00:00
72,buy,12,2024-05-19T21:24:39.000+00:00
88,sell,1,2024-05-19T21:32:15.000+00:00
65,buy,1,2024-05-20T00:33:52.000+00:00
89,sell,1,2024-05-20T00:58:52.000+00:00
90,sell,2,2024-05-20T04:01:40.000+00:00
90,sell,1,2024-05-20T06:12:40.000+00:00
90,sell,1,2024-05-20T06:15:42.000+00:00
85,sell,4,2024-05-20T06:51:26.000+00:00
99,sell,1,2024-05-20T07:58:50.000+00:00
66,buy,1,2024-05-20T08:32:48.000+00:00
90,sell,1,2024-05-20T11:33:24.000+00:00
85,sell,1,2024-05-20T12:07:21.000+00:00
90,sell,1,2024-05-20T13:21:43.000+00:00
89,sell,4,2024-05-20T13:33:11.000+00:00
100,sell,3,2024-05-20T14:13:35.000+00:00
90,sell,1,2024-05-20T16:44:13.000+00:00
90,sell,9,2024-05-20T17:23:22.000+00:00
90,sell,1,2024-05-20T19:20:35.000+00:00
88,sell,1,2024-05-20T19:57:22.000+00:00
100,sell,1,2024-05-20T21:53:57.000+00:00
100,sell,1,2024-05-20T21:55:04.000+00:00
65,buy,1,2024-05-21T00:43:41.000+00:00
90,sell,1,2024-05-21T01:42:57.000+00:00
120,sell,7,2024-05-21T02:20:48.000+00:00
85,sell,2,2024-05-21T02:25:42.000+00:00
85,sell,1,2024-05-21T02:32:35.000+00:00
60,buy,3,2024-05-21T02:45:23.000+00:00
90,sell,1,2024-05-21T03:04:20.000+00:00
100,sell,1,2024-05-21T03:16:23.000+00:00
88,sell,2,2024-05-21T04:30:11.000+00:00
100,sell,1,2024-05-21T05:28:31.000+00:00
85,sell,1,2024-05-21T06:25:51.000+00:00
85,sell,1,2024-05-21T07:20:59.000+00:00
85,sell,1,2024-05-21T07:30:20.000+00:00
90,sell,1,2024-05-21T07:42:08.000+00:00
95,sell,1,2024-05-21T09:38:05.000+00:00
100,sell,1,2024-05-21T09:49:50.000+00:00
90,sell,1,2024-05-21T10:21:56.000+00:00
85,sell,1,2024-05-21T10:25:38.000+00:00
90,sell,2,2024-05-21T13:06:19.000+00:00
90,sell,6,2024-05-21T13:41:30.000+00:00
90,sell,1,2024-05-21T13:58:37.000+00:00
90,sell,1,2024-05-21T15:04:05.000+00:00
94,sell,3,2024-05-21T15:37:32.000+00:00
90,sell,1,2024-05-21T16:53:53.000+00:00
85,sell,1,2024-05-21T17:48:09.000+00:00
95,sell,1,2024-05-21T18:07:41.000+00:00
60,buy,2,2024-05-21T20:30:05.000+00:00
90,sell,1,2024-05-21T23:02:32.000+00:00
90,sell,1,2024-05-22T00:20:48.000+00:00
90,sell,2,2024-05-22T01:12:32.000+00:00
90,sell,1,2024-05-22T02:46:08.000+00:00
90,sell,5,2024-05-22T03:59:22.000+00:00
90,sell,1,2024-05-22T04:03:51.000+00:00
65,buy,1,2024-05-22T04:53:12.000+00:00
95,sell,2,2024-05-22T08:02:30.000+00:00
90,sell,8,2024-05-22T08:28:27.000+00:00
100,sell,1,2024-05-22T09:03:53.000+00:00
66,buy,8,2024-05-22T09:04:32.000+00:00
87,sell,6,2024-05-22T10:59:56.000+00:00
65,buy,10,2024-05-22T11:39:02.000+00:00
90,sell,2,2024-05-22T12:36:27.000+00:00
65,buy,100,2024-05-22T13:44:44.000+00:00
90,sell,1,2024-05-22T15:48:04.000+00:00
100,sell,1,2024-05-22T17:08:47.000+00:00
90,sell,1,2024-05-22T17:21:24.000+00:00
90,sell,1,2024-05-22T17:23:04.000+00:00
90,sell,1,2024-05-22T18:05:09.000+00:00
90,sell,3,2024-05-22T18:38:32.000+00:00
85,sell,1,2024-05-22T18:53:56.000+00:00
85,sell,4,2024-05-22T19:29:36.000+00:00
90,sell,1,2024-05-22T20:59:29.000+00:00
90,sell,2,2024-05-22T22:18:28.000+00:00
66,buy,1,2024-05-22T22:20:51.000+00:00
65,buy,1,2024-05-22T22:20:57.000+00:00
90,sell,1,2024-05-23T05:15:03.000+00:00
85,sell,1,2024-05-23T05:51:35.000+00:00
90,sell,1,2024-05-23T13:57:32.000+00:00
82,sell,1,2024-05-23T14:21:39.000+00:00
100,sell,2,2024-05-23T15:28:19.000+00:00
85,sell,1,2024-05-23T15:35:34.000+00:00
90,sell,1,2024-05-23T18:21:05.000+00:00
90,sell,1,2024-05-23T19:21:58.000+00:00
68,buy,1,2024-05-23T21:07:31.000+00:00
100,sell,1,2024-05-23T22:59:01.000+00:00
60,buy,1,2024-05-24T01:50:04.000+00:00
90,sell,1,2024-05-24T02:46:03.000+00:00
90,sell,1,2024-05-24T02:58:34.000+00:00
90,sell,1,2024-05-24T03:00:42.000+00:00
90,sell,22,2024-05-24T04:02:02.000+00:00
90,sell,1,2024-05-24T04:41:59.000+00:00
90,sell,2,2024-05-24T08:06:47.000+00:00
90,sell,1,2024-05-24T11:17:14.000+00:00
90,sell,4,2024-05-24T12:31:51.000+00:00
90,sell,1,2024-05-24T13:35:00.000+00:00
86,sell,1,2024-05-24T14:37:49.000+00:00
90,sell,8,2024-05-24T14:41:11.000+00:00
90,sell,1,2024-05-24T16:17:09.000+00:00
90,sell,3,2024-05-24T16:41:44.000+00:00
80,sell,1,2024-05-24T17:34:31.000+00:00
90,sell,2,2024-05-24T19:48:46.000+00:00
80,sell,1,2024-05-24T21:13:59.000+00:00
110,sell,1,2024-05-24T23:20:56.000+00:00
100,sell,1,2024-05-25T00:08:57.000+00:00
88,sell,1,2024-05-25T03:25:10.000+00:00
90,sell,1,2024-05-25T07:16:39.000+00:00
65,buy,56,2024-05-25T07:36:44.000+00:00
90,sell,1,2024-05-25T10:44:33.000+00:00
90,sell,2,2024-05-25T12:44:29.000+00:00
90,sell,1,2024-05-25T13:08:19.000+00:00
90,sell,1,2024-05-25T15:32:37.000+00:00
90,sell,1,2024-05-25T15:47:35.000+00:00
100,sell,2,2024-05-25T16:15:26.000+00:00
90,sell,1,2024-05-25T16:39:23.000+00:00
101,sell,2,2024-05-25T18:12:24.000+00:00
95,sell,1,2024-05-25T19:53:33.000+00:00
100,sell,6,2024-05-25T21:13:21.000+00:00
85,sell,14,2024-05-25T21:14:03.000+00:00
85,sell,1,2024-05-25T22:44:30.000+00:00
89,sell,6,2024-05-25T23:54:09.000+00:00
90,sell,1,2024-05-26T01:03:31.000+00:00
90,sell,1,2024-05-26T01:32:20.000+00:00
90,sell,1,2024-05-26T01:34:53.000+00:00
90,sell,1,2024-05-26T02:27:56.000+00:00
71,buy,1,2024-05-26T02:30:08.000+00:00
90,sell,3,2024-05-26T02:46:26.000+00:00
86,sell,1,2024-05-26T02:53:34.000+00:00
90,sell,1,2024-05-26T02:57:32.000+00:00
84,sell,11,2024-05-26T03:45:56.000+00:00
85,sell,1,2024-05-26T04:01:16.000+00:00
83,sell,1,2024-05-26T04:29:36.000+00:00
67,buy,1,2024-05-26T06:07:49.000+00:00
66,buy,98,2024-05-26T06:44:40.000+00:00
84,sell,1,2024-05-26T07:02:48.000+00:00
88,sell,1,2024-05-26T07:41:23.000+00:00
89,sell,1,2024-05-26T10:34:14.000+00:00
67,buy,1,2024-05-26T12:16:03.000+00:00
110,sell,1,2024-05-26T12:35:47.000+00:00
100,sell,1,2024-05-26T12:45:38.000+00:00
90,sell,1,2024-05-26T14:56:10.000+00:00
80,sell,3,2024-05-26T15:28:15.000+00:00
90,sell,1,2024-05-26T16:52:10.000+00:00
71,buy,1,2024-05-26T18:34:14.000+00:00
90,sell,1,2024-05-26T18:39:32.000+00:00
100,sell,1,2024-05-26T18:49:07.000+00:00
90,sell,1,2024-05-26T19:19:24.000+00:00
90,sell,1,2024-05-26T19:24:13.000+00:00
95,sell,1,2024-05-26T20:42:32.000+00:00
100,sell,1,2024-05-26T21:02:10.000+00:00
90,sell,2,2024-05-27T00:52:36.000+00:00
90,sell,1,2024-05-27T03:37:42.000+00:00
95,sell,1,2024-05-27T05:23:17.000+00:00
85,sell,1,2024-05-27T07:58:02.000+00:00
90,sell,1,2024-05-27T08:29:17.000+00:00
89,sell,1,2024-05-27T10:02:39.000+00:00
90,sell,1,2024-05-27T10:17:23.000+00:00
95,sell,1,2024-05-27T12:39:12.000+00:00
85,sell,1,2024-05-27T12:59:41.000+00:00
85,sell,1,2024-05-27T13:03:31.000+00:00
90,sell,1,2024-05-27T15:06:34.000+00:00
99,sell,1,2024-05-27T16:05:09.000+00:00
95,sell,4,2024-05-27T17:01:48.000+00:00
90,sell,1,2024-05-27T17:35:40.000+00:00
90,sell,1,2024-05-27T18:46:27.000+00:00
90,sell,1,2024-05-27T19:13:42.000+00:00
90,sell,1,2024-05-27T21:22:56.000+00:00
90,sell,2,2024-05-27T22:43:16.000+00:00
1,buy,1,2024-05-27T23:15:48.000+00:00
90,sell,1,2024-05-28T01:28:44.000+00:00
90,sell,1,2024-05-28T03:25:20.000+00:00
90,sell,1,2024-05-28T03:34:35.000+00:00
88,sell,1,2024-05-28T04:59:04.000+00:00
110,sell,1,2024-05-28T05:18:29.000+00:00
100,sell,1,2024-05-28T06:47:14.000+00:00
90,sell,1,2024-05-28T06:50:04.000+00:00
89,sell,2,2024-05-28T07:21:52.000+00:00
90,sell,2,2024-05-28T07:34:44.000+00:00
80,sell,5,2024-05-28T08:34:43.000+00:00
90,sell,2,2024-05-28T08:50:55.000+00:00
85,sell,1,2024-05-28T08:51:37.000+00:00
100,sell,50,2024-05-28T09:49:24.000+00:00
90,sell,4,2024-05-28T10:59:02.000+00:00
90,sell,1,2024-05-28T12:48:21.000+00:00
85,sell,2,2024-05-28T13:12:08.000+00:00
90,sell,1,2024-05-28T14:20:12.000+00:00
88,sell,1,2024-05-28T14:27:30.000+00:00
84,sell,2,2024-05-28T15:26:28.000+00:00
90,sell,1,2024-05-28T15:30:47.000+00:00
85,sell,2,2024-05-28T17:32:36.000+00:00
85,sell,1,2024-05-28T17:36:20.000+00:00
120,sell,2,2024-05-28T18:02:12.000+00:00
100,sell,3,2024-05-28T19:30:17.000+00:00
99,sell,1,2024-05-28T19:54:21.000+00:00
99,sell,1,2024-05-29T00:33:23.000+00:00
100,sell,1,2024-05-29T02:08:12.000+00:00
90,sell,1,2024-05-29T02:33:35.000+00:00
85,sell,1,2024-05-29T02:41:00.000+00:00
90,sell,1,2024-05-29T05:47:45.000+00:00
100,sell,1,2024-05-29T06:27:40.000+00:00
100,sell,1,2024-05-29T06:41:36.000+00:00
90,sell,1,2024-05-29T06:44:11.000+00:00
90,sell,1,2024-05-29T07:00:58.000+00:00
90,sell,1,2024-05-29T07:08:54.000+00:00
90,sell,2,2024-05-29T07:44:27.000+00:00
90,sell,26,2024-05-29T07:54:04.000+00:00
89,sell,12,2024-05-29T07:54:06.000+00:00
90,sell,7,2024-05-29T10:21:11.000+00:00
89,sell,1,2024-05-29T10:58:16.000+00:00
84,sell,1,2024-05-29T11:27:03.000+00:00
85,sell,1,2024-05-29T12:02:07.000+00:00
90,sell,1,2024-05-29T12:38:18.000+00:00
90,sell,1,2024-05-29T16:07:28.000+00:00
100,sell,1,2024-05-29T17:47:06.000+00:00
90,sell,1,2024-05-29T20:02:05.000+00:00
90,sell,1,2024-05-29T21:06:22.000+00:00
90,sell,1,2024-05-29T22:57:56.000+00:00
100,sell,1,2024-05-29T23:33:46.000+00:00
79,sell,1,2024-05-30T00:08:27.000+00:00
90,sell,1,2024-05-30T00:33:41.000+00:00
87,sell,1,2024-05-30T02:06:57.000+00:00
100,sell,1,2024-05-30T02:57:06.000+00:00
86,sell,1,2024-05-30T03:07:17.000+00:00
88,sell,1,2024-05-30T03:23:31.000+00:00
87,sell,1,2024-05-30T05:08:45.000+00:00
90,sell,1,2024-05-30T07:19:30.000+00:00
90,sell,1,2024-05-30T07:20:51.000+00:00
85,sell,1,2024-05-30T07:43:47.000+00:00
85,sell,2,2024-05-30T08:58:25.000+00:00
90,sell,1,2024-05-30T09:27:49.000+00:00
85,sell,1,2024-05-30T09:29:45.000+00:00
90,sell,1,2024-05-30T10:21:27.000+00:00
90,sell,1,2024-05-30T12:17:39.000+00:00
90,sell,1,2024-05-30T13:23:46.000+00:00
90,sell,5,2024-05-30T15:11:04.000+00:00
84,sell,1,2024-05-30T16:28:53.000+00:00
90,sell,1,2024-05-30T17:10:59.000+00:00
61,buy,1,2024-05-30T17:56:56.000+00:00
70,buy,1,2024-05-30T18:12:00.000+00:00
90,sell,1,2024-05-30T21:00:42.000+00:00
70,buy,1,2024-05-30T22:13:22.000+00:00
90,sell,1,2024-05-30T22:15:34.000+00:00
70,sell,1,2024-05-30T22:23:46.000+00:00
80,buy,1,2024-05-30T22:25:09.000+00:00
90,sell,5,2024-05-30T22:31:47.000+00:00
90,sell,2,2024-05-30T23:27:20.000+00:00
90,sell,1,2024-05-31T00:21:12.000+00:00
80,sell,1,2024-05-31T01:22:27.000+00:00
90,sell,1,2024-05-31T01:49:44.000+00:00
85,sell,1,2024-05-31T02:29:34.000+00:00
85,sell,1,2024-05-31T02:39:35.000+00:00
85,sell,1,2024-05-31T02:46:46.000+00:00
100,sell,1,2024-05-31T03:14:22.000+00:00
85,sell,1,2024-05-31T06:36:26.000+00:00
90,sell,1,2024-05-31T09:03:41.000+00:00
100,sell,1,2024-05-31T09:41:06.000+00:00
88,sell,1,2024-05-31T09:44:16.000+00:00
70,buy,1,2024-05-31T10:09:56.000+00:00
90,sell,1,2024-05-31T10:24:07.000+00:00
90,sell,1,2024-05-31T10:26:09.000+00:00
90,sell,1,2024-05-31T10:27:09.000+00:00
90,sell,1,2024-05-31T11:01:36.000+00:00
80,sell,1,2024-05-31T11:09:14.000+00:00
88,sell,1,2024-05-31T11:20:09.000+00:00
87,sell,1,2024-05-31T11:31:23.000+00:00
85,sell,2,2024-05-31T12:20:44.000+00:00
130,sell,1,2024-05-31T12:51:22.000+00:00
85,sell,1,2024-05-31T12:53:53.000+00:00
75,buy,1,2024-05-31T13:01:56.000+00:00
80,sell,1,2024-05-31T13:19:53.000+00:00
90,sell,1,2024-05-31T13:20:48.000+00:00
87,sell,1,2024-05-31T13:46:20.000+00:00
85,sell,1,2024-05-31T13:52:07.000+00:00
90,sell,3,2024-05-31T14:05:17.000+00:00
84,sell,1,2024-05-31T14:47:09.000+00:00
89,sell,1,2024-05-31T15:02:57.000+00:00
95,sell,1,2024-05-31T15:24:53.000+00:00
85,sell,2,2024-05-31T15:31:33.000+00:00
85,sell,4,2024-05-31T16:04:56.000+00:00
84,sell,1,2024-05-31T17:22:50.000+00:00
90,sell,1,2024-05-31T17:37:47.000+00:00
90,sell,1,2024-05-31T17:44:05.000+00:00
95,sell,1,2024-05-31T17:50:07.000+00:00
90,sell,1,2024-05-31T17:58:39.000+00:00
84,sell,1,2024-05-31T18:05:30.000+00:00
85,sell,1,2024-05-31T19:05:50.000+00:00
80,sell,1,2024-05-31T19:31:12.000+00:00
90,sell,1,2024-05-31T19:49:23.000+00:00
80,sell,1,2024-05-31T20:47:16.000+00:00
85,sell,1,2024-05-31T22:10:44.000+00:00
83,sell,1,2024-05-31T22:27:20.000+00:00
67,buy,1,2024-05-31T23:15:27.000+00:00
90,sell,1,2024-05-31T23:32:45.000+00:00
70,buy,10,2024-05-31T23:40:46.000+00:00
80,sell,1,2024-06-01T00:38:45.000+00:00
85,sell,1,2024-06-01T00:41:58.000+00:00
85,sell,2,2024-06-01T01:16:20.000+00:00
90,sell,1,2024-06-01T01:17:38.000+00:00
89,sell,1,2024-06-01T01:55:43.000+00:00
88,sell,1,2024-06-01T02:10:31.000+00:00
84,sell,1,2024-06-01T04:24:06.000+00:00
83,sell,1,2024-06-01T04:45:21.000+00:00
82,sell,1,2024-06-01T04:56:24.000+00:00
90,sell,1,2024-06-01T05:06:51.000+00:00
84,sell,1,2024-06-01T05:44:04.000+00:00
50,sell,2,2024-06-01T05:57:38.000+00:00
90,sell,6,2024-06-01T06:13:01.000+00:00
95,sell,1,2024-06-01T07:41:12.000+00:00
90,sell,1,2024-06-01T07:52:07.000+00:00
120,sell,1,2024-06-01T08:03:34.000+00:00
90,sell,1,2024-06-01T08:04:25.000+00:00
90,sell,1,2024-06-01T09:55:42.000+00:00
90,sell,1,2024-06-01T10:04:58.000+00:00
85,sell,1,2024-06-01T10:05:12.000+00:00
85,sell,2,2024-06-01T10:08:08.000+00:00
90,sell,1,2024-06-01T10:09:32.000+00:00
1,buy,60,2024-06-01T11:00:58.000+00:00
85,sell,2,2024-06-01T11:36:23.000+00:00
84,sell,1,2024-06-01T11:56:59.000+00:00
88,sell,1,2024-06-01T11:58:44.000+00:00
85,sell,1,2024-06-01T12:25:07.000+00:00
85,sell,1,2024-06-01T12:46:33.000+00:00
85,sell,1,2024-06-01T13:01:21.000+00:00
80,sell,1,2024-06-01T13:37:20.000+00:00
85,sell,1,2024-06-01T13:45:51.000+00:00
85,sell,1,2024-06-01T14:33:30.000+00:00
90,sell,1,2024-06-01T14:39:18.000+00:00
150,sell,1,2024-06-01T14:59:35.000+00:00
85,sell,1,2024-06-01T15:19:25.000+00:00
129,sell,1,2024-06-01T15:23:48.000+00:00
83,sell,1,2024-06-01T15:30:25.000+00:00
82,sell,1,2024-06-01T16:16:45.000+00:00
90,sell,1,2024-06-01T16:29:28.000+00:00
90,sell,1,2024-06-01T17:21:39.000+00:00
85,sell,1,2024-06-01T17:42:35.000+00:00
85,sell,2,2024-06-01T17:51:21.000+00:00
84,sell,1,2024-06-01T17:55:02.000+00:00
84,sell,1,2024-06-01T17:59:10.000+00:00
61,buy,1,2024-06-01T19:20:59.000+00:00
100,sell,1,2024-06-01T21:22:45.000+00:00
90,sell,1,2024-06-01T21:28:54.000+00:00
70,buy,1,2024-06-01T21:52:38.000+00:00
85,sell,1,2024-06-01T22:26:39.000+00:00
84,sell,1,2024-06-01T22:38:32.000+00:00
85,sell,1,2024-06-01T23:08:05.000+00:00
90,sell,1,2024-06-01T23:19:35.000+00:00
86,sell,1,2024-06-01T23:47:52.000+00:00
90,sell,1,2024-06-01T23:55:54.000+00:00
90,sell,1,2024-06-02T00:31:01.000+00:00
85,sell,2,2024-06-02T01:02:21.000+00:00
83,sell,1,2024-06-02T01:17:03.000+00:00
90,sell,1,2024-06-02T01:37:13.000+00:00
89,sell,1,2024-06-02T01:37:37.000+00:00
85,sell,4,2024-06-02T01:37:50.000+00:00
88,sell,3,2024-06-02T02:42:24.000+00:00
85,buy,1,2024-06-02T03:56:06.000+00:00
84,sell,8,2024-06-02T04:26:33.000+00:00
90,sell,2,2024-06-02T05:38:12.000+00:00
85,sell,1,2024-06-02T06:08:40.000+00:00
90,sell,1,2024-06-02T06:56:57.000+00:00
85,sell,1,2024-06-02T07:12:11.000+00:00
95,sell,2,2024-06-02T07:28:22.000+00:00
85,sell,4,2024-06-02T07:33:29.000+00:00
85,sell,1,2024-06-02T09:11:05.000+00:00
69,buy,1,2024-06-02T09:21:35.000+00:00
90,sell,1,2024-06-02T09:26:56.000+00:00
85,sell,1,2024-06-02T10:59:35.000+00:00
120,sell,1,2024-06-02T11:08:47.000+00:00
90,sell,1,2024-06-02T11:55:06.000+00:00
80,sell,1,2024-06-02T11:57:49.000+00:00
84,sell,1,2024-06-02T12:09:17.000+00:00
150,sell,1,2024-06-02T12:13:14.000+00:00
90,sell,1,2024-06-02T12:24:40.000+00:00
75,sell,1,2024-06-02T12:46:50.000+00:00
90,sell,1,2024-06-02T14:48:34.000+00:00
85,sell,1,2024-06-02T15:28:21.000+00:00
90,sell,3,2024-06-02T15:46:38.000+00:00
75,sell,1,2024-06-02T15:48:35.000+00:00
85,sell,3,2024-06-02T16:07:53.000+00:00
84,sell,5,2024-06-02T16:28:19.000+00:00
66,buy,1,2024-06-02T16:37:05.000+00:00
89,sell,1,2024-06-02T17:44:57.000+00:00
89,sell,1,2024-06-02T17:46:17.000+00:00
65,buy,1,2024-06-02T17:48:45.000+00:00
62,buy,1,2024-06-02T17:52:02.000+00:00
88,sell,1,2024-06-02T19:32:46.000+00:00
85,sell,1,2024-06-02T21:38:52.000+00:00
115,sell,1,2024-06-02T22:13:43.000+00:00
145,sell,1,2024-06-02T22:36:35.000+00:00
85,sell,3,2024-06-02T22:38:46.000+00:00
85,sell,2,2024-06-03T01:29:54.000+00:00
85,sell,1,2024-06-03T01:34:26.000+00:00
84,sell,2,2024-06-03T01:54:45.000+00:00
90,sell,13,2024-06-03T02:21:28.000+00:00
85,sell,1,2024-06-03T02:42:45.000+00:00
85,sell,5,2024-06-03T02:55:52.000+00:00
90,sell,3,2024-06-03T03:28:26.000+00:00
83,sell,1,2024-06-03T04:02:30.000+00:00
88,sell,1,2024-06-03T04:06:19.000+00:00
84,sell,1,2024-06-03T04:51:08.000+00:00
85,sell,1,2024-06-03T05:46:02.000+00:00
85,sell,1,2024-06-03T06:48:12.000+00:00
85,sell,1,2024-06-03T07:25:08.000+00:00
88,sell,5,2024-06-03T07:29:46.000+00:00
85,sell,1,2024-06-03T07:48:42.000+00:00
90,sell,9,2024-06-03T10:03:27.000+00:00
88,sell,1,2024-06-03T10:03:49.000+00:00
90,sell,1,2024-06-03T10:09:21.000+00:00
100,sell,1,2024-06-03T10:22:09.000+00:00
85,sell,1,2024-06-03T10:51:25.000+00:00
70,buy,1,2024-06-03T11:10:18.000+00:00
87,sell,3,2024-06-03T11:41:19.000+00:00
85,sell,1,2024-06-03T11:49:19.000+00:00
85,sell,1,2024-06-03T12:05:51.000+00:00
86,sell,1,2024-06-03T12:14:14.000+00:00
85,sell,1,2024-06-03T12:18:34.000+00:00
85,sell,1,2024-06-03T12:20:41.000+00:00
85,sell,1,2024-06-03T12:27:30.000+00:00
84,sell,1,2024-06-03T12:34:18.000+00:00
90,sell,1,2024-06-03T13:29:35.000+00:00
80,sell,1,2024-06-03T13:40:01.000+00:00
85,sell,1,2024-06-03T13:58:15.000+00:00
85,sell,2,2024-06-03T14:03:01.000+00:00
90,sell,1,2024-06-03T14:48:15.000+00:00
88,sell,2,2024-06-03T14:57:13.000+00:00
82,sell,1,2024-06-03T15:07:11.000+00:00
120,sell,3,2024-06-03T15:09:10.000+00:00
85,sell,2,2024-06-03T15:22:29.000+00:00
84,sell,1,2024-06-03T15:57:04.000+00:00
85,sell,1,2024-06-03T16:13:06.000+00:00
80,sell,2,2024-06-03T17:50:25.000+00:00
90,sell,1,2024-06-03T18:02:14.000+00:00
70,buy,1,2024-06-03T19:10:15.000+00:00
85,sell,1,2024-06-03T19:10:19.000+00:00
70,buy,1,2024-06-03T19:41:17.000+00:00
85,sell,2,2024-06-03T19:51:12.000+00:00
70,buy,1,2024-06-03T20:13:34.000+00:00
120,sell,1,2024-06-03T20:41:58.000+00:00
82,sell,1,2024-06-03T20:53:38.000+00:00
80,sell,1,2024-06-03T20:57:24.000+00:00